dataset,run_index,runId,generationMode,sequenceIndex,generatedSlotIndex,slotTargetDifficulty,chunk,source,candidateType,primaryTag,difficulty,slot_delta,replacementMode,generatedBlueprintName,transitionPressureSeverity,transitionPressureReason,transitionPressureScore,deathsAttributedToSlot
constrained,1,20260503T183229273Z_1426244569,Constrained,0,-1,,Chunk_Flat_Tilemap,Chunk_Flat_Tilemap,handcrafted,Rest,1.0,,none,,none,none,0.0,0
constrained,1,20260503T183229273Z_1426244569,Constrained,1,0,2.3333332538604736,Chunk_VerticalUp_Tilemap,Chunk_VerticalUp_Tilemap,handcrafted,Vertical,2.0,-0.33333325386047363,none,,none,none,0.0,0
constrained,1,20260503T183229273Z_1426244569,Constrained,2,1,2.6666667461395264,Chunk_Gap_Tilemap,Chunk_Gap_Tilemap,handcrafted,Gap,2.0,-0.6666667461395264,none,,none,none,0.0,0
constrained,1,20260503T183229273Z_1426244569,Constrained,3,2,3.0,Chunk_ElevatedPlatform_Tilemap,Chunk_ElevatedPlatform_Tilemap,handcrafted,Precision,4.0,1.0,none,,none,none,0.0,0
constrained,1,20260503T183229273Z_1426244569,Constrained,4,3,3.3333332538604736,Chunk_GapMedium_Tilemap,Chunk_GapMedium_Tilemap,handcrafted,Gap,3.0,-0.33333325386047363,none,,none,none,0.0,0
constrained,1,20260503T183229273Z_1426244569,Constrained,5,4,3.6666667461395264,Chunk_PrecisionJump_Tilemap,Chunk_PrecisionJump_Tilemap,handcrafted,Precision,4.0,0.33333325386047363,none,,none,none,0.0,0
constrained,1,20260503T183229273Z_1426244569,Constrained,6,5,4.0,Generated_Gap_Centered_Rise_Runtime,Chunk_GapHard_Tilemap,generated_blueprint,Gap,4.0,0.0,generated_candidate,Generated_Gap_Centered_Rise,none,none,0.0,0
constrained,1,20260503T183229273Z_1426244569,Constrained,7,6,4.333333492279053,Generated_Precision_ElevatedPlatform_ExitRise1_Runtime,Chunk_ElevatedPlatform_Tilemap,generated_blueprint,Precision,4.0,-0.33333349227905273,generated_candidate,Generated_Precision_ElevatedPlatform_ExitRise1,none,none,0.0,0
constrained,1,20260503T183229273Z_1426244569,Constrained,8,7,4.666666507720947,Chunk_GapHard_Tilemap,Chunk_GapHard_Tilemap,handcrafted,Gap,4.0,-0.6666665077209473,none,,none,none,0.0,0
constrained,1,20260503T183229273Z_1426244569,Constrained,9,8,5.0,Chunk_ElevatedPlatform_Tilemap,Chunk_ElevatedPlatform_Tilemap,handcrafted,Precision,4.0,-1.0,none,,none,none,0.0,0
constrained,2,20260503T183243508Z_1568771112,Constrained,0,-1,,Chunk_Flat_Tilemap,Chunk_Flat_Tilemap,handcrafted,Rest,1.0,,none,,none,none,0.0,0
constrained,2,20260503T183243508Z_1568771112,Constrained,1,0,2.3333332538604736,Chunk_GapMedium_Tilemap,Chunk_GapMedium_Tilemap,handcrafted,Gap,3.0,0.6666667461395264,none,,none,none,0.0,0
constrained,2,20260503T183243508Z_1568771112,Constrained,2,1,2.6666667461395264,Chunk_StairsUp_Tilemap,Chunk_StairsUp_Tilemap,handcrafted,Vertical,2.0,-0.6666667461395264,none,,none,none,0.0,0
constrained,2,20260503T183243508Z_1568771112,Constrained,3,2,3.0,Generated_Safe_RiseRest_Box3_Runtime,Chunk_DropRest_Tilemap,generated_blueprint,Safe,2.0,-1.0,generated_candidate,Generated_Safe_RiseRest_Box3,none,none,0.0,0
constrained,2,20260503T183243508Z_1568771112,Constrained,4,3,3.3333332538604736,Generated_Precision_ElevatedPlatform_MidDrop2_Runtime,Chunk_ElevatedPlatform_Tilemap,generated_blueprint,Precision,4.0,0.6666667461395264,generated_candidate,Generated_Precision_ElevatedPlatform_MidDrop2,none,none,0.0,0
constrained,2,20260503T183243508Z_1568771112,Constrained,5,4,3.6666667461395264,Chunk_GapHard_Tilemap,Chunk_GapHard_Tilemap,handcrafted,Gap,4.0,0.33333325386047363,none,,none,none,0.0,0
constrained,2,20260503T183243508Z_1568771112,Constrained,6,5,4.0,Chunk_ElevatedDoublePlatform_Tilemap,Chunk_ElevatedDoublePlatform_Tilemap,handcrafted,Precision,5.0,1.0,none,,none,none,0.0,0
constrained,2,20260503T183243508Z_1568771112,Constrained,7,6,4.333333492279053,Chunk_GapHard_Tilemap,Chunk_GapHard_Tilemap,handcrafted,Gap,4.0,-0.33333349227905273,none,,none,none,0.0,0
constrained,2,20260503T183243508Z_1568771112,Constrained,8,7,4.666666507720947,Chunk_ElevatedDoublePlatform_Tilemap,Chunk_ElevatedDoublePlatform_Tilemap,handcrafted,Precision,5.0,0.33333349227905273,none,,none,none,0.0,0
constrained,2,20260503T183243508Z_1568771112,Constrained,9,8,5.0,Chunk_SpikesMedium_Tilemap,Chunk_SpikesMedium_Tilemap,handcrafted,Spikes,5.0,0.0,none,,none,none,0.0,0
constrained,3,20260503T183415552Z_1805766067,Constrained,0,-1,,Chunk_Flat_Tilemap,Chunk_Flat_Tilemap,handcrafted,Rest,1.0,,none,,none,none,0.0,0
constrained,3,20260503T183415552Z_1805766067,Constrained,1,0,2.3333332538604736,Chunk_VerticalDown_Tilemap,Chunk_VerticalDown_Tilemap,handcrafted,Vertical,2.0,-0.33333325386047363,none,,none,none,0.0,0
constrained,3,20260503T183415552Z_1805766067,Constrained,2,1,2.6666667461395264,Generated_Gap_Centered_Rise2_Runtime,Chunk_GapMedium_Tilemap,generated_blueprint,Gap,3.0,0.33333325386047363,generated_candidate,Generated_Gap_Centered_Rise2,none,none,0.0,0
constrained,3,20260503T183415552Z_1805766067,Constrained,3,2,3.0,Chunk_PrecisionJump_Tilemap,Chunk_PrecisionJump_Tilemap,handcrafted,Precision,4.0,1.0,none,,none,none,0.0,0
constrained,3,20260503T183415552Z_1805766067,Constrained,4,3,3.3333332538604736,Chunk_GapHard_Tilemap,Chunk_GapHard_Tilemap,handcrafted,Gap,4.0,0.6666667461395264,none,,none,none,0.0,0
constrained,3,20260503T183415552Z_1805766067,Constrained,5,4,3.6666667461395264,Chunk_ElevatedPlatform_Tilemap,Chunk_ElevatedPlatform_Tilemap,handcrafted,Precision,4.0,0.33333325386047363,none,,none,none,0.0,0
constrained,3,20260503T183415552Z_1805766067,Constrained,6,5,4.0,Generated_Gap_Centered_Drop_Runtime,Chunk_GapHard_Tilemap,generated_blueprint,Gap,4.0,0.0,generated_candidate,Generated_Gap_Centered_Drop,none,none,0.0,0
constrained,3,20260503T183415552Z_1805766067,Constrained,7,6,4.333333492279053,Chunk_ElevatedPlatform_Tilemap,Chunk_ElevatedPlatform_Tilemap,handcrafted,Precision,4.0,-0.33333349227905273,none,,none,none,0.0,0
constrained,3,20260503T183415552Z_1805766067,Constrained,8,7,4.666666507720947,Generated_Gap_Centered_Rise_Runtime,Chunk_GapHard_Tilemap,generated_blueprint,Gap,4.0,-0.6666665077209473,generated_candidate,Generated_Gap_Centered_Rise,none,none,0.0,0
constrained,3,20260503T183415552Z_1805766067,Constrained,9,8,5.0,Chunk_DashJump_Tilemap,Chunk_DashJump_Tilemap,handcrafted,Precision,5.0,0.0,none,,none,none,0.0,0
constrained,4,20260503T183456616Z_1395182480,Constrained,0,-1,,Chunk_Flat_Tilemap,Chunk_Flat_Tilemap,handcrafted,Rest,1.0,,none,,none,none,0.0,0
constrained,4,20260503T183456616Z_1395182480,Constrained,1,0,2.3333332538604736,Generated_Gap_Centered_Rise_Runtime,Chunk_GapMedium_Tilemap,generated_blueprint,Gap,3.0,0.6666667461395264,generated_candidate,Generated_Gap_Centered_Rise,none,none,0.0,0
constrained,4,20260503T183456616Z_1395182480,Constrained,2,1,2.6666667461395264,Chunk_VerticalDown_Tilemap,Chunk_VerticalDown_Tilemap,handcrafted,Vertical,2.0,-0.6666667461395264,none,,none,none,0.0,0
constrained,4,20260503T183456616Z_1395182480,Constrained,3,2,3.0,Generated_Gap_Centered_Drop_Runtime,Chunk_GapHard_Tilemap,generated_blueprint,Gap,4.0,1.0,generated_candidate,Generated_Gap_Centered_Drop,none,none,0.0,0
constrained,4,20260503T183456616Z_1395182480,Constrained,4,3,3.3333332538604736,Chunk_PrecisionJump_Tilemap,Chunk_PrecisionJump_Tilemap,handcrafted,Precision,4.0,0.6666667461395264,none,,none,none,0.0,0
constrained,4,20260503T183456616Z_1395182480,Constrained,5,4,3.6666667461395264,Chunk_GapHard_Tilemap,Chunk_GapHard_Tilemap,handcrafted,Gap,4.0,0.33333325386047363,none,,none,none,0.0,0
constrained,4,20260503T183456616Z_1395182480,Constrained,6,5,4.0,Chunk_ElevatedPlatform_Tilemap,Chunk_ElevatedPlatform_Tilemap,handcrafted,Precision,4.0,0.0,none,,none,none,0.0,0
constrained,4,20260503T183456616Z_1395182480,Constrained,7,6,4.333333492279053,Chunk_GapHard_Tilemap,Chunk_GapHard_Tilemap,handcrafted,Gap,4.0,-0.33333349227905273,none,,none,none,0.0,0
constrained,4,20260503T183456616Z_1395182480,Constrained,8,7,4.666666507720947,Chunk_PrecisionJump_Tilemap,Chunk_PrecisionJump_Tilemap,handcrafted,Precision,4.0,-0.6666665077209473,none,,none,none,0.0,0
constrained,4,20260503T183456616Z_1395182480,Constrained,9,8,5.0,Generated_Gap_Centered_Drop_Runtime,Chunk_GapHard_Tilemap,generated_blueprint,Gap,4.0,-1.0,generated_candidate,Generated_Gap_Centered_Drop,none,none,0.0,0
constrained,5,20260503T183530004Z_1061290303,Constrained,0,-1,,Chunk_Flat_Tilemap,Chunk_Flat_Tilemap,handcrafted,Rest,1.0,,none,,none,none,0.0,0
constrained,5,20260503T183530004Z_1061290303,Constrained,1,0,2.3333332538604736,Generated_Gap_Centered_Drop_Runtime,Chunk_GapMedium_Tilemap,generated_blueprint,Gap,3.0,0.6666667461395264,generated_candidate,Generated_Gap_Centered_Drop,none,none,0.0,0
constrained,5,20260503T183530004Z_1061290303,Constrained,2,1,2.6666667461395264,Chunk_VerticalDown_Tilemap,Chunk_VerticalDown_Tilemap,handcrafted,Vertical,2.0,-0.6666667461395264,none,,none,none,0.0,0
constrained,5,20260503T183530004Z_1061290303,Constrained,3,2,3.0,Chunk_StairsUp_Tilemap,Chunk_StairsUp_Tilemap,handcrafted,Vertical,2.0,-1.0,none,,none,none,0.0,0
constrained,5,20260503T183530004Z_1061290303,Constrained,4,3,3.3333332538604736,Generated_Precision_ElevatedPlatform_MidDrop2_Runtime,Chunk_ElevatedPlatform_Tilemap,generated_blueprint,Precision,4.0,0.6666667461395264,generated_candidate,Generated_Precision_ElevatedPlatform_MidDrop2,none,none,0.0,0
constrained,5,20260503T183530004Z_1061290303,Constrained,5,4,3.6666667461395264,Chunk_GapMedium_Tilemap,Chunk_GapMedium_Tilemap,handcrafted,Gap,3.0,-0.6666667461395264,none,,none,none,0.0,0
constrained,5,20260503T183530004Z_1061290303,Constrained,6,5,4.0,Chunk_Flat_Tilemap,Chunk_Flat_Tilemap,handcrafted,Rest,1.0,-3.0,none,,none,none,0.0,0
constrained,5,20260503T183530004Z_1061290303,Constrained,7,6,4.333333492279053,Chunk_MovingClimbSpikes_Tilemap,Chunk_MovingClimbSpikes_Tilemap,handcrafted,Spikes,7.0,2.6666665077209473,none,,none,none,0.0,0
constrained,5,20260503T183530004Z_1061290303,Constrained,8,7,4.666666507720947,Chunk_GapHard_Tilemap,Chunk_GapHard_Tilemap,handcrafted,Gap,4.0,-0.6666665077209473,none,,none,none,0.0,0
constrained,5,20260503T183530004Z_1061290303,Constrained,9,8,5.0,Chunk_DashJump_Tilemap,Chunk_DashJump_Tilemap,handcrafted,Precision,5.0,0.0,none,,none,none,0.0,1
constrained,6,20260503T183656151Z_199834666,Constrained,0,-1,,Chunk_Flat_Tilemap,Chunk_Flat_Tilemap,handcrafted,Rest,1.0,,none,,none,none,0.0,0
constrained,6,20260503T183656151Z_199834666,Constrained,1,0,2.3333332538604736,Generated_Gap_Early_Flat_Runtime,Chunk_Gap_Tilemap,generated_blueprint,Gap,2.0,-0.33333325386047363,generated_candidate,Generated_Gap_Early_Flat,none,none,0.0,0
constrained,6,20260503T183656151Z_199834666,Constrained,2,1,2.6666667461395264,Chunk_VerticalUp_Tilemap,Chunk_VerticalUp_Tilemap,handcrafted,Vertical,2.0,-0.6666667461395264,none,,none,none,0.0,0
constrained,6,20260503T183656151Z_199834666,Constrained,3,2,3.0,Chunk_Gap_Tilemap,Chunk_Gap_Tilemap,handcrafted,Gap,2.0,-1.0,none,,none,none,0.0,0
constrained,6,20260503T183656151Z_199834666,Constrained,4,3,3.3333332538604736,Chunk_ElevatedPlatform_Tilemap,Chunk_ElevatedPlatform_Tilemap,handcrafted,Precision,4.0,0.6666667461395264,none,,none,none,0.0,0
constrained,6,20260503T183656151Z_199834666,Constrained,5,4,3.6666667461395264,Generated_Gap_Centered_Rise_Runtime,Chunk_GapHard_Tilemap,generated_blueprint,Gap,4.0,0.33333325386047363,generated_candidate,Generated_Gap_Centered_Rise,none,none,0.0,0
constrained,6,20260503T183656151Z_199834666,Constrained,6,5,4.0,Chunk_ElevatedDoublePlatform_Tilemap,Chunk_ElevatedDoublePlatform_Tilemap,handcrafted,Precision,5.0,1.0,none,,none,none,0.0,0
constrained,6,20260503T183656151Z_199834666,Constrained,7,6,4.333333492279053,Chunk_GapHard_Tilemap,Chunk_GapHard_Tilemap,handcrafted,Gap,4.0,-0.33333349227905273,none,,none,none,0.0,0
constrained,6,20260503T183656151Z_199834666,Constrained,8,7,4.666666507720947,Chunk_ElevatedPlatform_Tilemap,Chunk_ElevatedPlatform_Tilemap,handcrafted,Precision,4.0,-0.6666665077209473,none,,none,none,0.0,0
constrained,6,20260503T183656151Z_199834666,Constrained,9,8,5.0,Generated_Gap_Centered_Rise_Runtime,Chunk_GapHard_Tilemap,generated_blueprint,Gap,4.0,-1.0,generated_candidate,Generated_Gap_Centered_Rise,none,none,0.0,0
constrained,7,20260503T183739940Z_237995721,Constrained,0,-1,,Chunk_Flat_Tilemap,Chunk_Flat_Tilemap,handcrafted,Rest,1.0,,none,,none,none,0.0,0
constrained,7,20260503T183739940Z_237995721,Constrained,1,0,2.3333332538604736,Generated_Safe_RiseRest_Box2_Runtime,Chunk_DropRest_Tilemap,generated_blueprint,Safe,2.0,-0.33333325386047363,generated_candidate,Generated_Safe_RiseRest_Box2,none,none,0.0,0
constrained,7,20260503T183739940Z_237995721,Constrained,2,1,2.6666667461395264,Chunk_VerticalUp_Tilemap,Chunk_VerticalUp_Tilemap,handcrafted,Vertical,2.0,-0.6666667461395264,none,,none,none,0.0,0
constrained,7,20260503T183739940Z_237995721,Constrained,3,2,3.0,Chunk_PrecisionJump_Tilemap,Chunk_PrecisionJump_Tilemap,handcrafted,Precision,4.0,1.0,none,,none,none,0.0,0
constrained,7,20260503T183739940Z_237995721,Constrained,4,3,3.3333332538604736,Generated_Gap_Centered_Rise_Runtime,Chunk_GapMedium_Tilemap,generated_blueprint,Gap,3.0,-0.33333325386047363,generated_candidate,Generated_Gap_Centered_Rise,none,none,0.0,0
constrained,7,20260503T183739940Z_237995721,Constrained,5,4,3.6666667461395264,Chunk_ElevatedPlatform_Tilemap,Chunk_ElevatedPlatform_Tilemap,handcrafted,Precision,4.0,0.33333325386047363,none,,none,none,0.0,0
constrained,7,20260503T183739940Z_237995721,Constrained,6,5,4.0,Chunk_Spikes_Tilemap,Chunk_Spikes_Tilemap,handcrafted,Spikes,4.0,0.0,none,,none,none,0.0,0
constrained,7,20260503T183739940Z_237995721,Constrained,7,6,4.333333492279053,Chunk_GapMedium_Tilemap,Chunk_GapMedium_Tilemap,handcrafted,Gap,3.0,-1.3333334922790527,none,,none,none,0.0,0
constrained,7,20260503T183739940Z_237995721,Constrained,8,7,4.666666507720947,Chunk_DashJump_Tilemap,Chunk_DashJump_Tilemap,handcrafted,Precision,5.0,0.33333349227905273,none,,none,none,0.0,0
constrained,7,20260503T183739940Z_237995721,Constrained,9,8,5.0,Chunk_MovingSpikes_Tilemap,Chunk_MovingSpikes_Tilemap,handcrafted,Spikes,6.0,1.0,none,,none,none,0.0,0
constrained,8,20260503T183817818Z_616753814,Constrained,0,-1,,Chunk_Flat_Tilemap,Chunk_Flat_Tilemap,handcrafted,Rest,1.0,,none,,none,none,0.0,0
constrained,8,20260503T183817818Z_616753814,Constrained,1,0,2.3333332538604736,Chunk_VerticalDown_Tilemap,Chunk_VerticalDown_Tilemap,handcrafted,Vertical,2.0,-0.33333325386047363,none,,none,none,0.0,0
constrained,8,20260503T183817818Z_616753814,Constrained,2,1,2.6666667461395264,Chunk_Gap_Tilemap,Chunk_Gap_Tilemap,handcrafted,Gap,2.0,-0.6666667461395264,none,,none,none,0.0,0
constrained,8,20260503T183817818Z_616753814,Constrained,3,2,3.0,Generated_Gap_Centered_Rise_Runtime,Chunk_GapMedium_Tilemap,generated_blueprint,Gap,3.0,0.0,generated_candidate,Generated_Gap_Centered_Rise,none,none,0.0,0
constrained,8,20260503T183817818Z_616753814,Constrained,4,3,3.3333332538604736,Chunk_ElevatedPlatform_Tilemap,Chunk_ElevatedPlatform_Tilemap,handcrafted,Precision,4.0,0.6666667461395264,none,,none,none,0.0,0
constrained,8,20260503T183817818Z_616753814,Constrained,5,4,3.6666667461395264,Generated_Gap_Centered_Rise_Runtime,Chunk_GapHard_Tilemap,generated_blueprint,Gap,4.0,0.33333325386047363,generated_candidate,Generated_Gap_Centered_Rise,none,none,0.0,0
constrained,8,20260503T183817818Z_616753814,Constrained,6,5,4.0,Chunk_ElevatedPlatform_Tilemap,Chunk_ElevatedPlatform_Tilemap,handcrafted,Precision,4.0,0.0,none,,none,none,0.0,0
constrained,8,20260503T183817818Z_616753814,Constrained,7,6,4.333333492279053,Chunk_GapHard_Tilemap,Chunk_GapHard_Tilemap,handcrafted,Gap,4.0,-0.33333349227905273,none,,none,none,0.0,0
constrained,8,20260503T183817818Z_616753814,Constrained,8,7,4.666666507720947,Chunk_ElevatedDoublePlatform_Tilemap,Chunk_ElevatedDoublePlatform_Tilemap,handcrafted,Precision,5.0,0.33333349227905273,none,,none,none,0.0,0
constrained,8,20260503T183817818Z_616753814,Constrained,9,8,5.0,Chunk_GapHard_Tilemap,Chunk_GapHard_Tilemap,handcrafted,Gap,4.0,-1.0,none,,none,none,0.0,0
constrained,9,20260503T183859945Z_1038080383,Constrained,0,-1,,Chunk_Flat_Tilemap,Chunk_Flat_Tilemap,handcrafted,Rest,1.0,,none,,none,none,0.0,0
constrained,9,20260503T183859945Z_1038080383,Constrained,1,0,2.3333332538604736,Chunk_GapMedium_Tilemap,Chunk_GapMedium_Tilemap,handcrafted,Gap,3.0,0.6666667461395264,none,,none,none,0.0,0
constrained,9,20260503T183859945Z_1038080383,Constrained,2,1,2.6666667461395264,Chunk_VerticalUp_Tilemap,Chunk_VerticalUp_Tilemap,handcrafted,Vertical,2.0,-0.6666667461395264,none,,none,none,0.0,0
constrained,9,20260503T183859945Z_1038080383,Constrained,3,2,3.0,Chunk_GapHard_Tilemap,Chunk_GapHard_Tilemap,handcrafted,Gap,4.0,1.0,none,,none,none,0.0,0
constrained,9,20260503T183859945Z_1038080383,Constrained,4,3,3.3333332538604736,Chunk_Gap_Tilemap,Chunk_Gap_Tilemap,handcrafted,Gap,2.0,-1.3333332538604736,none,,none,none,0.0,0
constrained,9,20260503T183859945Z_1038080383,Constrained,5,4,3.6666667461395264,Chunk_ElevatedDoublePlatform_Tilemap,Chunk_ElevatedDoublePlatform_Tilemap,handcrafted,Precision,5.0,1.3333332538604736,none,,none,none,0.0,0
constrained,9,20260503T183859945Z_1038080383,Constrained,6,5,4.0,Generated_Gap_Centered_Drop_Runtime,Chunk_GapHard_Tilemap,generated_blueprint,Gap,4.0,0.0,generated_candidate,Generated_Gap_Centered_Drop,none,none,0.0,0
constrained,9,20260503T183859945Z_1038080383,Constrained,7,6,4.333333492279053,Chunk_PrecisionJump_Tilemap,Chunk_PrecisionJump_Tilemap,handcrafted,Precision,4.0,-0.33333349227905273,none,,none,none,0.0,0
constrained,9,20260503T183859945Z_1038080383,Constrained,8,7,4.666666507720947,Generated_Gap_Centered_Drop_Runtime,Chunk_GapHard_Tilemap,generated_blueprint,Gap,4.0,-0.6666665077209473,generated_candidate,Generated_Gap_Centered_Drop,none,none,0.0,0
constrained,9,20260503T183859945Z_1038080383,Constrained,9,8,5.0,Chunk_ElevatedPlatform_Tilemap,Chunk_ElevatedPlatform_Tilemap,handcrafted,Precision,4.0,-1.0,none,,none,none,0.0,0
constrained,10,20260503T184014111Z_1779586706,Constrained,0,-1,,Chunk_Flat_Tilemap,Chunk_Flat_Tilemap,handcrafted,Rest,1.0,,none,,none,none,0.0,0
constrained,10,20260503T184014111Z_1779586706,Constrained,1,0,2.3333332538604736,Generated_Safe_RiseRest_Box2_Runtime,Chunk_DropRest_Tilemap,generated_blueprint,Safe,2.0,-0.33333325386047363,generated_candidate,Generated_Safe_RiseRest_Box2,none,none,0.0,0
constrained,10,20260503T184014111Z_1779586706,Constrained,2,1,2.6666667461395264,Generated_Gap_Centered_Drop2_Runtime,Chunk_GapMedium_Tilemap,generated_blueprint,Gap,3.0,0.33333325386047363,generated_candidate,Generated_Gap_Centered_Drop2,none,none,0.0,0
constrained,10,20260503T184014111Z_1779586706,Constrained,3,2,3.0,Generated_Safe_RiseRest_Box2_Runtime,Chunk_DropRest_Tilemap,generated_blueprint,Safe,2.0,-1.0,generated_candidate,Generated_Safe_RiseRest_Box2,none,none,0.0,0
constrained,10,20260503T184014111Z_1779586706,Constrained,4,3,3.3333332538604736,Chunk_GapMedium_Tilemap,Chunk_GapMedium_Tilemap,handcrafted,Gap,3.0,-0.33333325386047363,none,,none,none,0.0,0
constrained,10,20260503T184014111Z_1779586706,Constrained,5,4,3.6666667461395264,Chunk_PrecisionJump_Tilemap,Chunk_PrecisionJump_Tilemap,handcrafted,Precision,4.0,0.33333325386047363,none,,none,none,0.0,0
constrained,10,20260503T184014111Z_1779586706,Constrained,6,5,4.0,Chunk_GapHard_Tilemap,Chunk_GapHard_Tilemap,handcrafted,Gap,4.0,0.0,none,,none,none,0.0,0
constrained,10,20260503T184014111Z_1779586706,Constrained,7,6,4.333333492279053,Generated_Precision_ElevatedPlatform_MidDrop2_Runtime,Chunk_ElevatedPlatform_Tilemap,generated_blueprint,Precision,4.0,-0.33333349227905273,generated_candidate,Generated_Precision_ElevatedPlatform_MidDrop2,none,none,0.0,0
constrained,10,20260503T184014111Z_1779586706,Constrained,8,7,4.666666507720947,Chunk_GapHard_Tilemap,Chunk_GapHard_Tilemap,handcrafted,Gap,4.0,-0.6666665077209473,none,,none,none,0.0,0
constrained,10,20260503T184014111Z_1779586706,Constrained,9,8,5.0,Chunk_ElevatedDoublePlatform_Tilemap,Chunk_ElevatedDoublePlatform_Tilemap,handcrafted,Precision,5.0,0.0,none,,none,none,0.0,0
constrained,11,20260503T184202005Z_1436274175,Constrained,0,-1,,Chunk_Flat_Tilemap,Chunk_Flat_Tilemap,handcrafted,Rest,1.0,,none,,none,none,0.0,0
constrained,11,20260503T184202005Z_1436274175,Constrained,1,0,2.3333332538604736,Chunk_VerticalUp_Tilemap,Chunk_VerticalUp_Tilemap,handcrafted,Vertical,2.0,-0.33333325386047363,none,,none,none,0.0,0
constrained,11,20260503T184202005Z_1436274175,Constrained,2,1,2.6666667461395264,Chunk_Gap_Tilemap,Chunk_Gap_Tilemap,handcrafted,Gap,2.0,-0.6666667461395264,none,,none,none,0.0,0
constrained,11,20260503T184202005Z_1436274175,Constrained,3,2,3.0,Generated_Safe_RiseRest_Box3_Runtime,Chunk_DropRest_Tilemap,generated_blueprint,Safe,2.0,-1.0,generated_candidate,Generated_Safe_RiseRest_Box3,none,none,0.0,0
constrained,11,20260503T184202005Z_1436274175,Constrained,4,3,3.3333332538604736,Chunk_GapHard_Tilemap,Chunk_GapHard_Tilemap,handcrafted,Gap,4.0,0.6666667461395264,none,,none,none,0.0,0
constrained,11,20260503T184202005Z_1436274175,Constrained,5,4,3.6666667461395264,Generated_Precision_ElevatedPlatform_ExitDrop1_Runtime,Chunk_ElevatedPlatform_Tilemap,generated_blueprint,Precision,4.0,0.33333325386047363,generated_candidate,Generated_Precision_ElevatedPlatform_ExitDrop1,none,none,0.0,0
constrained,11,20260503T184202005Z_1436274175,Constrained,6,5,4.0,Generated_Gap_Centered_Rise_Runtime,Chunk_GapHard_Tilemap,generated_blueprint,Gap,4.0,0.0,generated_candidate,Generated_Gap_Centered_Rise,none,none,0.0,0
constrained,11,20260503T184202005Z_1436274175,Constrained,7,6,4.333333492279053,Chunk_DashJump_Tilemap,Chunk_DashJump_Tilemap,handcrafted,Precision,5.0,0.6666665077209473,none,,none,none,0.0,0
constrained,11,20260503T184202005Z_1436274175,Constrained,8,7,4.666666507720947,Generated_Gap_Centered_Drop_Runtime,Chunk_GapHard_Tilemap,generated_blueprint,Gap,4.0,-0.6666665077209473,generated_candidate,Generated_Gap_Centered_Drop,none,none,0.0,0
constrained,11,20260503T184202005Z_1436274175,Constrained,9,8,5.0,Chunk_ElevatedDoublePlatform_Tilemap,Chunk_ElevatedDoublePlatform_Tilemap,handcrafted,Precision,5.0,0.0,none,,none,none,0.0,0
constrained,12,20260503T184520507Z_548728676,Constrained,0,-1,,Chunk_Flat_Tilemap,Chunk_Flat_Tilemap,handcrafted,Rest,1.0,,none,,none,none,0.0,0
constrained,12,20260503T184520507Z_548728676,Constrained,1,0,2.3333332538604736,Chunk_GapMedium_Tilemap,Chunk_GapMedium_Tilemap,handcrafted,Gap,3.0,0.6666667461395264,none,,none,none,0.0,0
constrained,12,20260503T184520507Z_548728676,Constrained,2,1,2.6666667461395264,Chunk_Gap_Tilemap,Chunk_Gap_Tilemap,handcrafted,Gap,2.0,-0.6666667461395264,none,,none,none,0.0,0
constrained,12,20260503T184520507Z_548728676,Constrained,3,2,3.0,Chunk_ElevatedPlatform_Tilemap,Chunk_ElevatedPlatform_Tilemap,handcrafted,Precision,4.0,1.0,none,,none,none,0.0,0
constrained,12,20260503T184520507Z_548728676,Constrained,4,3,3.3333332538604736,Chunk_GapMedium_Tilemap,Chunk_GapMedium_Tilemap,handcrafted,Gap,3.0,-0.33333325386047363,none,,none,none,0.0,0
constrained,12,20260503T184520507Z_548728676,Constrained,5,4,3.6666667461395264,Chunk_ElevatedPlatform_Tilemap,Chunk_ElevatedPlatform_Tilemap,handcrafted,Precision,4.0,0.33333325386047363,none,,none,none,0.0,0
constrained,12,20260503T184520507Z_548728676,Constrained,6,5,4.0,Generated_Gap_Centered_Drop_Runtime,Chunk_GapHard_Tilemap,generated_blueprint,Gap,4.0,0.0,generated_candidate,Generated_Gap_Centered_Drop,none,none,0.0,0
constrained,12,20260503T184520507Z_548728676,Constrained,7,6,4.333333492279053,Chunk_SpikesMedium_Tilemap,Chunk_SpikesMedium_Tilemap,handcrafted,Spikes,5.0,0.6666665077209473,none,,none,none,0.0,0
constrained,12,20260503T184520507Z_548728676,Constrained,8,7,4.666666507720947,Generated_Gap_Centered_Drop_Runtime,Chunk_GapHard_Tilemap,generated_blueprint,Gap,4.0,-0.6666665077209473,generated_candidate,Generated_Gap_Centered_Drop,none,none,0.0,0
constrained,12,20260503T184520507Z_548728676,Constrained,9,8,5.0,Chunk_ElevatedDoublePlatform_Tilemap,Chunk_ElevatedDoublePlatform_Tilemap,handcrafted,Precision,5.0,0.0,none,,none,none,0.0,0
constrained,13,20260503T184612399Z_1066950019,Constrained,0,-1,,Chunk_Flat_Tilemap,Chunk_Flat_Tilemap,handcrafted,Rest,1.0,,none,,none,none,0.0,0
constrained,13,20260503T184612399Z_1066950019,Constrained,1,0,2.3333332538604736,Chunk_DropRest_Tilemap,Chunk_DropRest_Tilemap,handcrafted,Safe,1.0,-1.3333332538604736,none,,none,none,0.0,0
constrained,13,20260503T184612399Z_1066950019,Constrained,2,1,2.6666667461395264,Chunk_GapMedium_Tilemap,Chunk_GapMedium_Tilemap,handcrafted,Gap,3.0,0.33333325386047363,none,,none,none,0.0,0
constrained,13,20260503T184612399Z_1066950019,Constrained,3,2,3.0,Chunk_PrecisionJump_Tilemap,Chunk_PrecisionJump_Tilemap,handcrafted,Precision,4.0,1.0,none,,none,none,0.0,0
constrained,13,20260503T184612399Z_1066950019,Constrained,4,3,3.3333332538604736,Chunk_GapMedium_Tilemap,Chunk_GapMedium_Tilemap,handcrafted,Gap,3.0,-0.33333325386047363,none,,none,none,0.0,0
constrained,13,20260503T184612399Z_1066950019,Constrained,5,4,3.6666667461395264,Chunk_PrecisionJump_Tilemap,Chunk_PrecisionJump_Tilemap,handcrafted,Precision,4.0,0.33333325386047363,none,,none,none,0.0,0
constrained,13,20260503T184612399Z_1066950019,Constrained,6,5,4.0,Chunk_GapMedium_Tilemap,Chunk_GapMedium_Tilemap,handcrafted,Gap,3.0,-1.0,none,,none,none,0.0,0
constrained,13,20260503T184612399Z_1066950019,Constrained,7,6,4.333333492279053,Chunk_ElevatedPlatform_Tilemap,Chunk_ElevatedPlatform_Tilemap,handcrafted,Precision,4.0,-0.33333349227905273,none,,none,none,0.0,0
constrained,13,20260503T184612399Z_1066950019,Constrained,8,7,4.666666507720947,Generated_Gap_Centered_Rise_Runtime,Chunk_GapHard_Tilemap,generated_blueprint,Gap,4.0,-0.6666665077209473,generated_candidate,Generated_Gap_Centered_Rise,none,none,0.0,0
constrained,13,20260503T184612399Z_1066950019,Constrained,9,8,5.0,Chunk_ElevatedDoublePlatform_Tilemap,Chunk_ElevatedDoublePlatform_Tilemap,handcrafted,Precision,5.0,0.0,none,,none,none,0.0,0
constrained,14,20260503T184644807Z_1391817694,Constrained,0,-1,,Chunk_Flat_Tilemap,Chunk_Flat_Tilemap,handcrafted,Rest,1.0,,none,,none,none,0.0,0
constrained,14,20260503T184644807Z_1391817694,Constrained,1,0,2.3333332538604736,Chunk_StairsUp_Tilemap,Chunk_StairsUp_Tilemap,handcrafted,Vertical,2.0,-0.33333325386047363,none,,none,none,0.0,0
constrained,14,20260503T184644807Z_1391817694,Constrained,2,1,2.6666667461395264,Generated_Gap_Late_Drop2_Runtime,Chunk_Gap_Tilemap,generated_blueprint,Gap,2.0,-0.6666667461395264,generated_candidate,Generated_Gap_Late_Drop2,none,none,0.0,0
constrained,14,20260503T184644807Z_1391817694,Constrained,3,2,3.0,Chunk_VerticalUp_Tilemap,Chunk_VerticalUp_Tilemap,handcrafted,Vertical,2.0,-1.0,none,,none,none,0.0,0
constrained,14,20260503T184644807Z_1391817694,Constrained,4,3,3.3333332538604736,Chunk_GapHard_Tilemap,Chunk_GapHard_Tilemap,handcrafted,Gap,4.0,0.6666667461395264,none,,none,none,0.0,0
constrained,14,20260503T184644807Z_1391817694,Constrained,5,4,3.6666667461395264,Chunk_StairsUp_Tilemap,Chunk_StairsUp_Tilemap,handcrafted,Vertical,2.0,-1.6666667461395264,none,,none,none,0.0,0
constrained,14,20260503T184644807Z_1391817694,Constrained,6,5,4.0,Generated_Gap_Centered_Drop_Runtime,Chunk_GapHard_Tilemap,generated_blueprint,Gap,4.0,0.0,generated_candidate,Generated_Gap_Centered_Drop,none,none,0.0,0
constrained,14,20260503T184644807Z_1391817694,Constrained,7,6,4.333333492279053,Chunk_Spikes_Tilemap,Chunk_Spikes_Tilemap,handcrafted,Spikes,4.0,-0.33333349227905273,none,,none,none,0.0,0
constrained,14,20260503T184644807Z_1391817694,Constrained,8,7,4.666666507720947,Generated_Gap_Centered_Rise_Runtime,Chunk_GapHard_Tilemap,generated_blueprint,Gap,4.0,-0.6666665077209473,generated_candidate,Generated_Gap_Centered_Rise,none,none,0.0,0
constrained,14,20260503T184644807Z_1391817694,Constrained,9,8,5.0,Chunk_ElevatedDoublePlatform_Tilemap,Chunk_ElevatedDoublePlatform_Tilemap,handcrafted,Precision,5.0,0.0,none,,none,none,0.0,0
constrained,15,20260503T184742587Z_1969610331,Constrained,0,-1,,Chunk_Flat_Tilemap,Chunk_Flat_Tilemap,handcrafted,Rest,1.0,,none,,none,none,0.0,0
constrained,15,20260503T184742587Z_1969610331,Constrained,1,0,2.3333332538604736,Generated_Gap_Centered_Drop_Runtime,Chunk_GapMedium_Tilemap,generated_blueprint,Gap,3.0,0.6666667461395264,generated_candidate,Generated_Gap_Centered_Drop,none,none,0.0,0
constrained,15,20260503T184742587Z_1969610331,Constrained,2,1,2.6666667461395264,Chunk_StairsUp_Tilemap,Chunk_StairsUp_Tilemap,handcrafted,Vertical,2.0,-0.6666667461395264,none,,none,none,0.0,0
constrained,15,20260503T184742587Z_1969610331,Constrained,3,2,3.0,Chunk_GapMedium_Tilemap,Chunk_GapMedium_Tilemap,handcrafted,Gap,3.0,0.0,none,,none,none,0.0,0
constrained,15,20260503T184742587Z_1969610331,Constrained,4,3,3.3333332538604736,Generated_Precision_ElevatedPlatform_ExitRise1_Runtime,Chunk_ElevatedPlatform_Tilemap,generated_blueprint,Precision,4.0,0.6666667461395264,generated_candidate,Generated_Precision_ElevatedPlatform_ExitRise1,none,none,0.0,0
constrained,15,20260503T184742587Z_1969610331,Constrained,5,4,3.6666667461395264,Chunk_GapHard_Tilemap,Chunk_GapHard_Tilemap,handcrafted,Gap,4.0,0.33333325386047363,none,,none,none,0.0,0
constrained,15,20260503T184742587Z_1969610331,Constrained,6,5,4.0,Generated_Precision_ElevatedPlatform_MidDrop2_Runtime,Chunk_ElevatedPlatform_Tilemap,generated_blueprint,Precision,4.0,0.0,generated_candidate,Generated_Precision_ElevatedPlatform_MidDrop2,none,none,0.0,0
constrained,15,20260503T184742587Z_1969610331,Constrained,7,6,4.333333492279053,Chunk_Spikes_Tilemap,Chunk_Spikes_Tilemap,handcrafted,Spikes,4.0,-0.33333349227905273,none,,light,moderate_recovery_pressure,0.25,0
constrained,15,20260503T184742587Z_1969610331,Constrained,8,7,4.666666507720947,Generated_Gap_Centered_Drop_Runtime,Chunk_GapHard_Tilemap,generated_blueprint,Gap,4.0,-0.6666665077209473,generated_candidate,Generated_Gap_Centered_Drop,none,none,0.0,0
constrained,15,20260503T184742587Z_1969610331,Constrained,9,8,5.0,Chunk_ElevatedDoublePlatform_Tilemap,Chunk_ElevatedDoublePlatform_Tilemap,handcrafted,Precision,5.0,0.0,none,,none,none,0.0,0
constrained,16,20260503T184824204Z_1909219608,Constrained,0,-1,,Chunk_Flat_Tilemap,Chunk_Flat_Tilemap,handcrafted,Rest,1.0,,none,,none,none,0.0,0
constrained,16,20260503T184824204Z_1909219608,Constrained,1,0,2.3333332538604736,Chunk_VerticalDown_Tilemap,Chunk_VerticalDown_Tilemap,handcrafted,Vertical,2.0,-0.33333325386047363,none,,none,none,0.0,0
constrained,16,20260503T184824204Z_1909219608,Constrained,2,1,2.6666667461395264,Chunk_StairsUp_Tilemap,Chunk_StairsUp_Tilemap,handcrafted,Vertical,2.0,-0.6666667461395264,none,,none,none,0.0,0
constrained,16,20260503T184824204Z_1909219608,Constrained,3,2,3.0,Chunk_ElevatedPlatform_Tilemap,Chunk_ElevatedPlatform_Tilemap,handcrafted,Precision,4.0,1.0,none,,none,none,0.0,0
constrained,16,20260503T184824204Z_1909219608,Constrained,4,3,3.3333332538604736,Chunk_Spikes_Tilemap,Chunk_Spikes_Tilemap,handcrafted,Spikes,4.0,0.6666667461395264,none,,none,none,0.0,0
constrained,16,20260503T184824204Z_1909219608,Constrained,5,4,3.6666667461395264,Generated_Gap_Centered_Drop_Runtime,Chunk_GapHard_Tilemap,generated_blueprint,Gap,4.0,0.33333325386047363,generated_candidate,Generated_Gap_Centered_Drop,none,none,0.0,0
constrained,16,20260503T184824204Z_1909219608,Constrained,6,5,4.0,Chunk_ElevatedPlatform_Tilemap,Chunk_ElevatedPlatform_Tilemap,handcrafted,Precision,4.0,0.0,none,,none,none,0.0,0
constrained,16,20260503T184824204Z_1909219608,Constrained,7,6,4.333333492279053,Chunk_GapHard_Tilemap,Chunk_GapHard_Tilemap,handcrafted,Gap,4.0,-0.33333349227905273,none,,none,none,0.0,0
constrained,16,20260503T184824204Z_1909219608,Constrained,8,7,4.666666507720947,Chunk_DashJump_Tilemap,Chunk_DashJump_Tilemap,handcrafted,Precision,5.0,0.33333349227905273,none,,none,none,0.0,0
constrained,16,20260503T184824204Z_1909219608,Constrained,9,8,5.0,Generated_Gap_Centered_Rise_Runtime,Chunk_GapHard_Tilemap,generated_blueprint,Gap,4.0,-1.0,generated_candidate,Generated_Gap_Centered_Rise,none,none,0.0,0
constrained,17,20260503T184904905Z_1502621989,Constrained,0,-1,,Chunk_Flat_Tilemap,Chunk_Flat_Tilemap,handcrafted,Rest,1.0,,none,,none,none,0.0,0
constrained,17,20260503T184904905Z_1502621989,Constrained,1,0,2.3333332538604736,Chunk_GapMedium_Tilemap,Chunk_GapMedium_Tilemap,handcrafted,Gap,3.0,0.6666667461395264,none,,none,none,0.0,0
constrained,17,20260503T184904905Z_1502621989,Constrained,2,1,2.6666667461395264,Chunk_VerticalDown_Tilemap,Chunk_VerticalDown_Tilemap,handcrafted,Vertical,2.0,-0.6666667461395264,none,,none,none,0.0,0
constrained,17,20260503T184904905Z_1502621989,Constrained,3,2,3.0,Chunk_GapHard_Tilemap,Chunk_GapHard_Tilemap,handcrafted,Gap,4.0,1.0,none,,none,none,0.0,0
constrained,17,20260503T184904905Z_1502621989,Constrained,4,3,3.3333332538604736,Chunk_PrecisionJump_Tilemap,Chunk_PrecisionJump_Tilemap,handcrafted,Precision,4.0,0.6666667461395264,none,,none,none,0.0,0
constrained,17,20260503T184904905Z_1502621989,Constrained,5,4,3.6666667461395264,Chunk_GapHard_Tilemap,Chunk_GapHard_Tilemap,handcrafted,Gap,4.0,0.33333325386047363,none,,none,none,0.0,0
constrained,17,20260503T184904905Z_1502621989,Constrained,6,5,4.0,Generated_Safe_DropRest_Box3_Runtime,Chunk_DropRest_Tilemap,generated_blueprint,Safe,1.0,-3.0,generated_candidate,Generated_Safe_DropRest_Box3,none,none,0.0,0
constrained,17,20260503T184904905Z_1502621989,Constrained,7,6,4.333333492279053,Chunk_DashJump_Tilemap,Chunk_DashJump_Tilemap,handcrafted,Precision,5.0,0.6666665077209473,none,,none,none,0.0,0
constrained,17,20260503T184904905Z_1502621989,Constrained,8,7,4.666666507720947,Chunk_GapHard_Tilemap,Chunk_GapHard_Tilemap,handcrafted,Gap,4.0,-0.6666665077209473,none,,none,none,0.0,0
constrained,17,20260503T184904905Z_1502621989,Constrained,9,8,5.0,Chunk_ElevatedDoublePlatform_Tilemap,Chunk_ElevatedDoublePlatform_Tilemap,handcrafted,Precision,5.0,0.0,none,,none,none,0.0,0
constrained,18,20260503T184938008Z_1171225064,Constrained,0,-1,,Chunk_Flat_Tilemap,Chunk_Flat_Tilemap,handcrafted,Rest,1.0,,none,,none,none,0.0,0
constrained,18,20260503T184938008Z_1171225064,Constrained,1,0,2.3333332538604736,Chunk_VerticalDown_Tilemap,Chunk_VerticalDown_Tilemap,handcrafted,Vertical,2.0,-0.33333325386047363,none,,none,none,0.0,0
constrained,18,20260503T184938008Z_1171225064,Constrained,2,1,2.6666667461395264,Generated_Gap_Centered_Rise_Runtime,Chunk_GapMedium_Tilemap,generated_blueprint,Gap,3.0,0.33333325386047363,generated_candidate,Generated_Gap_Centered_Rise,none,none,0.0,0
constrained,18,20260503T184938008Z_1171225064,Constrained,3,2,3.0,Chunk_PrecisionJump_Tilemap,Chunk_PrecisionJump_Tilemap,handcrafted,Precision,4.0,1.0,none,,none,none,0.0,0
constrained,18,20260503T184938008Z_1171225064,Constrained,4,3,3.3333332538604736,Chunk_GapHard_Tilemap,Chunk_GapHard_Tilemap,handcrafted,Gap,4.0,0.6666667461395264,none,,none,none,0.0,0
constrained,18,20260503T184938008Z_1171225064,Constrained,5,4,3.6666667461395264,Chunk_ElevatedPlatform_Tilemap,Chunk_ElevatedPlatform_Tilemap,handcrafted,Precision,4.0,0.33333325386047363,none,,none,none,0.0,0
constrained,18,20260503T184938008Z_1171225064,Constrained,6,5,4.0,Chunk_GapHard_Tilemap,Chunk_GapHard_Tilemap,handcrafted,Gap,4.0,0.0,none,,none,none,0.0,0
constrained,18,20260503T184938008Z_1171225064,Constrained,7,6,4.333333492279053,Chunk_ElevatedPlatform_Tilemap,Chunk_ElevatedPlatform_Tilemap,handcrafted,Precision,4.0,-0.33333349227905273,none,,none,none,0.0,0
constrained,18,20260503T184938008Z_1171225064,Constrained,8,7,4.666666507720947,Chunk_MovingSpikes_Tilemap,Chunk_MovingSpikes_Tilemap,handcrafted,Spikes,6.0,1.3333334922790527,none,,none,none,0.0,0
constrained,18,20260503T184938008Z_1171225064,Constrained,9,8,5.0,Chunk_GapHard_Tilemap,Chunk_GapHard_Tilemap,handcrafted,Gap,4.0,-1.0,none,,none,none,0.0,0
constrained,19,20260503T185011704Z_834320337,Constrained,0,-1,,Chunk_Flat_Tilemap,Chunk_Flat_Tilemap,handcrafted,Rest,1.0,,none,,none,none,0.0,0
constrained,19,20260503T185011704Z_834320337,Constrained,1,0,2.3333332538604736,Chunk_StairsUp_Tilemap,Chunk_StairsUp_Tilemap,handcrafted,Vertical,2.0,-0.33333325386047363,none,,none,none,0.0,0
constrained,19,20260503T185011704Z_834320337,Constrained,2,1,2.6666667461395264,Generated_Safe_RiseRest_Box2_Runtime,Chunk_DropRest_Tilemap,generated_blueprint,Safe,2.0,-0.6666667461395264,generated_candidate,Generated_Safe_RiseRest_Box2,none,none,0.0,0
constrained,19,20260503T185011704Z_834320337,Constrained,3,2,3.0,Chunk_GapMedium_Tilemap,Chunk_GapMedium_Tilemap,handcrafted,Gap,3.0,0.0,none,,none,none,0.0,0
constrained,19,20260503T185011704Z_834320337,Constrained,4,3,3.3333332538604736,Generated_Precision_ElevatedPlatform_ExitRise2_Runtime,Chunk_ElevatedPlatform_Tilemap,generated_blueprint,Precision,4.0,0.6666667461395264,generated_candidate,Generated_Precision_ElevatedPlatform_ExitRise2,none,none,0.0,0
constrained,19,20260503T185011704Z_834320337,Constrained,5,4,3.6666667461395264,Chunk_Gap_Tilemap,Chunk_Gap_Tilemap,handcrafted,Gap,2.0,-1.6666667461395264,none,,none,none,0.0,0
constrained,19,20260503T185011704Z_834320337,Constrained,6,5,4.0,Chunk_ElevatedPlatform_Tilemap,Chunk_ElevatedPlatform_Tilemap,handcrafted,Precision,4.0,0.0,none,,none,none,0.0,0
constrained,19,20260503T185011704Z_834320337,Constrained,7,6,4.333333492279053,Generated_Gap_Centered_Drop_Runtime,Chunk_GapHard_Tilemap,generated_blueprint,Gap,4.0,-0.33333349227905273,generated_candidate,Generated_Gap_Centered_Drop,none,none,0.0,0
constrained,19,20260503T185011704Z_834320337,Constrained,8,7,4.666666507720947,Chunk_ElevatedDoublePlatform_Tilemap,Chunk_ElevatedDoublePlatform_Tilemap,handcrafted,Precision,5.0,0.33333349227905273,none,,none,none,0.0,0
constrained,19,20260503T185011704Z_834320337,Constrained,9,8,5.0,Chunk_GapHard_Tilemap,Chunk_GapHard_Tilemap,handcrafted,Gap,4.0,-1.0,none,,none,none,0.0,0
constrained,20,20260503T185040732Z_543959860,Constrained,0,-1,,Chunk_Flat_Tilemap,Chunk_Flat_Tilemap,handcrafted,Rest,1.0,,none,,none,none,0.0,0
constrained,20,20260503T185040732Z_543959860,Constrained,1,0,2.3333332538604736,Chunk_GapHard_Tilemap,Chunk_GapHard_Tilemap,handcrafted,Gap,4.0,1.6666667461395264,none,,none,none,0.0,0
constrained,20,20260503T185040732Z_543959860,Constrained,2,1,2.6666667461395264,Generated_Gap_Early_Drop2_Runtime,Chunk_Gap_Tilemap,generated_blueprint,Gap,2.0,-0.6666667461395264,generated_candidate,Generated_Gap_Early_Drop2,none,none,0.0,0
constrained,20,20260503T185040732Z_543959860,Constrained,3,2,3.0,Chunk_VerticalDown_Tilemap,Chunk_VerticalDown_Tilemap,handcrafted,Vertical,2.0,-1.0,none,,none,none,0.0,0
constrained,20,20260503T185040732Z_543959860,Constrained,4,3,3.3333332538604736,Chunk_PrecisionJump_Tilemap,Chunk_PrecisionJump_Tilemap,handcrafted,Precision,4.0,0.6666667461395264,none,,none,none,0.0,0
constrained,20,20260503T185040732Z_543959860,Constrained,5,4,3.6666667461395264,Chunk_GapHard_Tilemap,Chunk_GapHard_Tilemap,handcrafted,Gap,4.0,0.33333325386047363,none,,none,none,0.0,0
constrained,20,20260503T185040732Z_543959860,Constrained,6,5,4.0,Generated_Gap_Centered_Drop_Runtime,Chunk_GapMedium_Tilemap,generated_blueprint,Gap,3.0,-1.0,generated_candidate,Generated_Gap_Centered_Drop,none,none,0.0,0
constrained,20,20260503T185040732Z_543959860,Constrained,7,6,4.333333492279053,Chunk_PrecisionJump_Tilemap,Chunk_PrecisionJump_Tilemap,handcrafted,Precision,4.0,-0.33333349227905273,none,,none,none,0.0,0
constrained,20,20260503T185040732Z_543959860,Constrained,8,7,4.666666507720947,Chunk_SpikesMedium_Tilemap,Chunk_SpikesMedium_Tilemap,handcrafted,Spikes,5.0,0.33333349227905273,none,,moderate,precision_to_recoverable_spikes,0.5,0
constrained,20,20260503T185040732Z_543959860,Constrained,9,8,5.0,Generated_Gap_Centered_Drop_Runtime,Chunk_GapHard_Tilemap,generated_blueprint,Gap,4.0,-1.0,generated_candidate,Generated_Gap_Centered_Drop,none,none,0.0,0
naive,1,20260503T185651035Z_1135770791,NaiveRandom,0,-1,,Chunk_Flat_Tilemap,Chunk_Flat_Tilemap,handcrafted,Rest,1.0,,none,,none,none,0.0,0
naive,1,20260503T185651035Z_1135770791,NaiveRandom,1,0,2.3333332538604736,Chunk_VerticalUp_Tilemap,Chunk_VerticalUp_Tilemap,handcrafted,Vertical,2.0,-0.33333325386047363,none,,none,none,0.0,0
naive,1,20260503T185651035Z_1135770791,NaiveRandom,2,1,2.6666667461395264,Chunk_PrecisionJump_Tilemap,Chunk_PrecisionJump_Tilemap,handcrafted,Precision,4.0,1.3333332538604736,none,,none,none,0.0,0
naive,1,20260503T185651035Z_1135770791,NaiveRandom,3,2,3.0,Chunk_VerticalDown_Tilemap,Chunk_VerticalDown_Tilemap,handcrafted,Vertical,2.0,-1.0,none,,none,none,0.0,0
naive,1,20260503T185651035Z_1135770791,NaiveRandom,4,3,3.3333332538604736,Chunk_GapHard_Tilemap,Chunk_GapHard_Tilemap,handcrafted,Gap,4.0,0.6666667461395264,none,,none,none,0.0,0
naive,1,20260503T185651035Z_1135770791,NaiveRandom,5,4,3.6666667461395264,Chunk_StairsUp_Tilemap,Chunk_StairsUp_Tilemap,handcrafted,Vertical,2.0,-1.6666667461395264,none,,none,none,0.0,0
naive,1,20260503T185651035Z_1135770791,NaiveRandom,6,5,4.0,Chunk_GapHard_Tilemap,Chunk_GapHard_Tilemap,handcrafted,Gap,4.0,0.0,none,,none,none,0.0,0
naive,1,20260503T185651035Z_1135770791,NaiveRandom,7,6,4.333333492279053,Chunk_MovingClimbSpikes_Tilemap,Chunk_MovingClimbSpikes_Tilemap,handcrafted,Spikes,7.0,2.6666665077209473,none,,none,none,0.0,0
naive,1,20260503T185651035Z_1135770791,NaiveRandom,8,7,4.666666507720947,Generated_Gap_Early_Rise2_Runtime,Chunk_Gap_Tilemap,generated_blueprint,Gap,2.0,-2.6666665077209473,generated_candidate,Generated_Gap_Early_Rise2,none,none,0.0,0
naive,1,20260503T185651035Z_1135770791,NaiveRandom,9,8,5.0,Chunk_Gap_Tilemap,Chunk_Gap_Tilemap,handcrafted,Gap,2.0,-3.0,none,,none,none,0.0,0
naive,2,20260503T185728108Z_764943026,NaiveRandom,0,-1,,Chunk_Flat_Tilemap,Chunk_Flat_Tilemap,handcrafted,Rest,1.0,,none,,none,none,0.0,0
naive,2,20260503T185728108Z_764943026,NaiveRandom,1,0,2.3333332538604736,Generated_Gap_Early_Flat_Runtime,Chunk_Gap_Tilemap,generated_blueprint,Gap,2.0,-0.33333325386047363,generated_candidate,Generated_Gap_Early_Flat,none,none,0.0,0
naive,2,20260503T185728108Z_764943026,NaiveRandom,2,1,2.6666667461395264,Chunk_ElevatedPlatform_Tilemap,Chunk_ElevatedPlatform_Tilemap,handcrafted,Precision,4.0,1.3333332538604736,none,,none,none,0.0,0
naive,2,20260503T185728108Z_764943026,NaiveRandom,3,2,3.0,Chunk_Gap_Tilemap,Chunk_Gap_Tilemap,handcrafted,Gap,2.0,-1.0,none,,none,none,0.0,0
naive,2,20260503T185728108Z_764943026,NaiveRandom,4,3,3.3333332538604736,Chunk_DashJump_Tilemap,Chunk_DashJump_Tilemap,handcrafted,Precision,5.0,1.6666667461395264,none,,none,none,0.0,0
naive,2,20260503T185728108Z_764943026,NaiveRandom,5,4,3.6666667461395264,Chunk_StairsUp_Tilemap,Chunk_StairsUp_Tilemap,handcrafted,Vertical,2.0,-1.6666667461395264,none,,none,none,0.0,0
naive,2,20260503T185728108Z_764943026,NaiveRandom,6,5,4.0,Chunk_StairsUp_Tilemap,Chunk_StairsUp_Tilemap,handcrafted,Vertical,2.0,-2.0,none,,none,none,0.0,0
naive,2,20260503T185728108Z_764943026,NaiveRandom,7,6,4.333333492279053,Chunk_MovingClimbSpikes_Tilemap,Chunk_MovingClimbSpikes_Tilemap,handcrafted,Spikes,7.0,2.6666665077209473,none,,none,none,0.0,1
naive,2,20260503T185728108Z_764943026,NaiveRandom,8,7,4.666666507720947,Generated_GapHazard_ExitOuterSpike_Runtime,Chunk_Gap_Tilemap,generated_blueprint,Gap,2.0,-2.6666665077209473,generated_candidate,Generated_GapHazard_ExitOuterSpike,none,none,0.0,0
naive,2,20260503T185728108Z_764943026,NaiveRandom,9,8,5.0,Generated_Precision_ElevatedPlatform_ExitRise2_Runtime,Chunk_ElevatedPlatform_Tilemap,generated_blueprint,Precision,4.0,-1.0,generated_candidate,Generated_Precision_ElevatedPlatform_ExitRise2,none,none,0.0,0
naive,3,20260503T185811768Z_328350227,NaiveRandom,0,-1,,Chunk_Flat_Tilemap,Chunk_Flat_Tilemap,handcrafted,Rest,1.0,,none,,none,none,0.0,0
naive,3,20260503T185811768Z_328350227,NaiveRandom,1,0,2.3333332538604736,Chunk_ElevatedDoublePlatform_Tilemap,Chunk_ElevatedDoublePlatform_Tilemap,handcrafted,Precision,5.0,2.6666667461395264,none,,none,none,0.0,0
naive,3,20260503T185811768Z_328350227,NaiveRandom,2,1,2.6666667461395264,Chunk_GapMedium_Tilemap,Chunk_GapMedium_Tilemap,handcrafted,Gap,3.0,0.33333325386047363,none,,none,none,0.0,0
naive,3,20260503T185811768Z_328350227,NaiveRandom,3,2,3.0,Generated_Gap_Late_Rise2_Runtime,Chunk_Gap_Tilemap,generated_blueprint,Gap,2.0,-1.0,generated_candidate,Generated_Gap_Late_Rise2,none,none,0.0,0
naive,3,20260503T185811768Z_328350227,NaiveRandom,4,3,3.3333332538604736,Chunk_ElevatedPlatform_Tilemap,Chunk_ElevatedPlatform_Tilemap,handcrafted,Precision,4.0,0.6666667461395264,none,,none,none,0.0,0
naive,3,20260503T185811768Z_328350227,NaiveRandom,5,4,3.6666667461395264,Chunk_MovingSpikes_Tilemap,Chunk_MovingSpikes_Tilemap,handcrafted,Spikes,6.0,2.3333332538604736,none,,none,none,0.0,0
naive,3,20260503T185811768Z_328350227,NaiveRandom,6,5,4.0,Chunk_VerticalUp_Tilemap,Chunk_VerticalUp_Tilemap,handcrafted,Vertical,2.0,-2.0,none,,none,none,0.0,0
naive,3,20260503T185811768Z_328350227,NaiveRandom,7,6,4.333333492279053,Chunk_Flat_Tilemap,Chunk_Flat_Tilemap,handcrafted,Rest,1.0,-3.3333334922790527,none,,none,none,0.0,0
naive,3,20260503T185811768Z_328350227,NaiveRandom,8,7,4.666666507720947,Chunk_Spikes_Tilemap,Chunk_Spikes_Tilemap,handcrafted,Spikes,4.0,-0.6666665077209473,none,,none,none,0.0,0
naive,3,20260503T185811768Z_328350227,NaiveRandom,9,8,5.0,Generated_Precision_ElevatedPlatform_ExitDrop2_Runtime,Chunk_ElevatedPlatform_Tilemap,generated_blueprint,Precision,4.0,-1.0,generated_candidate,Generated_Precision_ElevatedPlatform_ExitDrop2,light,moderate_recovery_pressure,0.25,0
naive,4,20260503T185848117Z_35104954,NaiveRandom,0,-1,,Chunk_Flat_Tilemap,Chunk_Flat_Tilemap,handcrafted,Rest,1.0,,none,,none,none,0.0,0
naive,4,20260503T185848117Z_35104954,NaiveRandom,1,0,2.3333332538604736,Chunk_VerticalUp_Tilemap,Chunk_VerticalUp_Tilemap,handcrafted,Vertical,2.0,-0.33333325386047363,none,,none,none,0.0,0
naive,4,20260503T185848117Z_35104954,NaiveRandom,2,1,2.6666667461395264,Chunk_VerticalUp_Tilemap,Chunk_VerticalUp_Tilemap,handcrafted,Vertical,2.0,-0.6666667461395264,none,,none,none,0.0,0
naive,4,20260503T185848117Z_35104954,NaiveRandom,3,2,3.0,Chunk_Spikes_Tilemap,Chunk_Spikes_Tilemap,handcrafted,Spikes,4.0,1.0,none,,strong,awkward_exit_to_spikes,0.75,2
naive,4,20260503T185848117Z_35104954,NaiveRandom,4,3,3.3333332538604736,Generated_Safe_RiseRest_Box2_Runtime,Chunk_DropRest_Tilemap,generated_blueprint,Safe,2.0,-1.3333332538604736,generated_candidate,Generated_Safe_RiseRest_Box2,none,none,0.0,0
naive,4,20260503T185848117Z_35104954,NaiveRandom,5,4,3.6666667461395264,Generated_GapHazard_ExitOuterSpike_Runtime,Chunk_Gap_Tilemap,generated_blueprint,Gap,2.0,-1.6666667461395264,generated_candidate,Generated_GapHazard_ExitOuterSpike,none,none,0.0,1
naive,4,20260503T185848117Z_35104954,NaiveRandom,6,5,4.0,Generated_Gap_Late_Drop2_Runtime,Chunk_Gap_Tilemap,generated_blueprint,Gap,2.0,-2.0,generated_candidate,Generated_Gap_Late_Drop2,none,none,0.0,0
naive,4,20260503T185848117Z_35104954,NaiveRandom,7,6,4.333333492279053,Generated_Safe_RiseRest_Box2_Runtime,Chunk_DropRest_Tilemap,generated_blueprint,Safe,2.0,-2.3333334922790527,generated_candidate,Generated_Safe_RiseRest_Box2,none,none,0.0,0
naive,4,20260503T185848117Z_35104954,NaiveRandom,8,7,4.666666507720947,Generated_Gap_Late_Flat_Runtime,Chunk_Gap_Tilemap,generated_blueprint,Gap,2.0,-2.6666665077209473,generated_candidate,Generated_Gap_Late_Flat,none,none,0.0,0
naive,4,20260503T185848117Z_35104954,NaiveRandom,9,8,5.0,Chunk_SpikeDash_Tilemap,Chunk_SpikeDash_Tilemap,handcrafted,Spikes,8.0,3.0,none,,none,none,0.0,0
naive,5,20260503T190008319Z_837162041,NaiveRandom,0,-1,,Chunk_Flat_Tilemap,Chunk_Flat_Tilemap,handcrafted,Rest,1.0,,none,,none,none,0.0,0
naive,5,20260503T190008319Z_837162041,NaiveRandom,1,0,2.3333332538604736,Generated_Gap_Centered_Rise_Runtime,Chunk_GapMedium_Tilemap,generated_blueprint,Gap,3.0,0.6666667461395264,generated_candidate,Generated_Gap_Centered_Rise,none,none,0.0,0
naive,5,20260503T190008319Z_837162041,NaiveRandom,2,1,2.6666667461395264,Chunk_ElevatedPlatform_Tilemap,Chunk_ElevatedPlatform_Tilemap,handcrafted,Precision,4.0,1.3333332538604736,none,,none,none,0.0,0
naive,5,20260503T190008319Z_837162041,NaiveRandom,3,2,3.0,Chunk_SpikesMedium_Tilemap,Chunk_SpikesMedium_Tilemap,handcrafted,Spikes,5.0,2.0,none,,none,none,0.0,0
naive,5,20260503T190008319Z_837162041,NaiveRandom,4,3,3.3333332538604736,Generated_Precision_ElevatedPlatform_ExitRise2_Runtime,Chunk_ElevatedPlatform_Tilemap,generated_blueprint,Precision,4.0,0.6666667461395264,generated_candidate,Generated_Precision_ElevatedPlatform_ExitRise2,moderate,moderate_recovery_pressure,0.5,0
naive,5,20260503T190008319Z_837162041,NaiveRandom,5,4,3.6666667461395264,Chunk_MovingSpikes_Tilemap,Chunk_MovingSpikes_Tilemap,handcrafted,Spikes,6.0,2.3333332538604736,none,,none,none,0.0,0
naive,5,20260503T190008319Z_837162041,NaiveRandom,6,5,4.0,Chunk_PrecisionJump_Tilemap,Chunk_PrecisionJump_Tilemap,handcrafted,Precision,4.0,0.0,none,,none,none,0.0,0
naive,5,20260503T190008319Z_837162041,NaiveRandom,7,6,4.333333492279053,Chunk_GapHard_Tilemap,Chunk_GapHard_Tilemap,handcrafted,Gap,4.0,-0.33333349227905273,none,,none,none,0.0,0
naive,5,20260503T190008319Z_837162041,NaiveRandom,8,7,4.666666507720947,Chunk_SpikeDash_Tilemap,Chunk_SpikeDash_Tilemap,handcrafted,Spikes,8.0,3.3333334922790527,none,,none,none,0.0,1
naive,5,20260503T190008319Z_837162041,NaiveRandom,9,8,5.0,Chunk_Gap_Tilemap,Chunk_Gap_Tilemap,handcrafted,Gap,2.0,-3.0,none,,none,none,0.0,0
naive,6,20260503T190054271Z_1296702970,NaiveRandom,0,-1,,Chunk_Flat_Tilemap,Chunk_Flat_Tilemap,handcrafted,Rest,1.0,,none,,none,none,0.0,0
naive,6,20260503T190054271Z_1296702970,NaiveRandom,1,0,2.3333332538604736,Generated_Safe_RiseRest_Box3_Runtime,Chunk_DropRest_Tilemap,generated_blueprint,Safe,2.0,-0.33333325386047363,generated_candidate,Generated_Safe_RiseRest_Box3,none,none,0.0,0
naive,6,20260503T190054271Z_1296702970,NaiveRandom,2,1,2.6666667461395264,Generated_Gap_Centered_Drop_Runtime,Chunk_GapMedium_Tilemap,generated_blueprint,Gap,3.0,0.33333325386047363,generated_candidate,Generated_Gap_Centered_Drop,none,none,0.0,0
naive,6,20260503T190054271Z_1296702970,NaiveRandom,3,2,3.0,Chunk_VerticalDown_Tilemap,Chunk_VerticalDown_Tilemap,handcrafted,Vertical,2.0,-1.0,none,,none,none,0.0,0
naive,6,20260503T190054271Z_1296702970,NaiveRandom,4,3,3.3333332538604736,Generated_Precision_ElevatedPlatform_MidDrop2_Runtime,Chunk_ElevatedPlatform_Tilemap,generated_blueprint,Precision,4.0,0.6666667461395264,generated_candidate,Generated_Precision_ElevatedPlatform_MidDrop2,none,none,0.0,0
naive,6,20260503T190054271Z_1296702970,NaiveRandom,5,4,3.6666667461395264,Generated_Gap_Early_Rise_Runtime,Chunk_Gap_Tilemap,generated_blueprint,Gap,2.0,-1.6666667461395264,generated_candidate,Generated_Gap_Early_Rise,none,none,0.0,0
naive,6,20260503T190054271Z_1296702970,NaiveRandom,6,5,4.0,Chunk_VerticalDown_Tilemap,Chunk_VerticalDown_Tilemap,handcrafted,Vertical,2.0,-2.0,none,,none,none,0.0,0
naive,6,20260503T190054271Z_1296702970,NaiveRandom,7,6,4.333333492279053,Chunk_VerticalDown_Tilemap,Chunk_VerticalDown_Tilemap,handcrafted,Vertical,2.0,-2.3333334922790527,none,,none,none,0.0,0
naive,6,20260503T190054271Z_1296702970,NaiveRandom,8,7,4.666666507720947,Chunk_ElevatedDoublePlatform_Tilemap,Chunk_ElevatedDoublePlatform_Tilemap,handcrafted,Precision,5.0,0.33333349227905273,none,,none,none,0.0,0
naive,6,20260503T190054271Z_1296702970,NaiveRandom,9,8,5.0,Generated_Safe_DropRest_Box3_Runtime,Chunk_DropRest_Tilemap,generated_blueprint,Safe,1.0,-4.0,generated_candidate,Generated_Safe_DropRest_Box3,none,none,0.0,0
naive,7,20260503T190427661Z_864366699,NaiveRandom,0,-1,,Chunk_Flat_Tilemap,Chunk_Flat_Tilemap,handcrafted,Rest,1.0,,none,,none,none,0.0,0
naive,7,20260503T190427661Z_864366699,NaiveRandom,1,0,2.3333332538604736,Chunk_GapHard_Tilemap,Chunk_GapHard_Tilemap,handcrafted,Gap,4.0,1.6666667461395264,none,,none,none,0.0,0
naive,7,20260503T190427661Z_864366699,NaiveRandom,2,1,2.6666667461395264,Chunk_VerticalUp_Tilemap,Chunk_VerticalUp_Tilemap,handcrafted,Vertical,2.0,-0.6666667461395264,none,,none,none,0.0,0
naive,7,20260503T190427661Z_864366699,NaiveRandom,3,2,3.0,Chunk_PrecisionJump_Tilemap,Chunk_PrecisionJump_Tilemap,handcrafted,Precision,4.0,1.0,none,,none,none,0.0,0
naive,7,20260503T190427661Z_864366699,NaiveRandom,4,3,3.3333332538604736,Chunk_StairsUp_Tilemap,Chunk_StairsUp_Tilemap,handcrafted,Vertical,2.0,-1.3333332538604736,none,,none,none,0.0,0
naive,7,20260503T190427661Z_864366699,NaiveRandom,5,4,3.6666667461395264,Chunk_SpikesMedium_Tilemap,Chunk_SpikesMedium_Tilemap,handcrafted,Spikes,5.0,1.3333332538604736,none,,none,none,0.0,1
naive,7,20260503T190427661Z_864366699,NaiveRandom,6,5,4.0,Chunk_ElevatedDoublePlatform_Tilemap,Chunk_ElevatedDoublePlatform_Tilemap,handcrafted,Precision,5.0,1.0,none,,none,none,0.0,0
naive,7,20260503T190427661Z_864366699,NaiveRandom,7,6,4.333333492279053,Chunk_VerticalDown_Tilemap,Chunk_VerticalDown_Tilemap,handcrafted,Vertical,2.0,-2.3333334922790527,none,,none,none,0.0,0
naive,7,20260503T190427661Z_864366699,NaiveRandom,8,7,4.666666507720947,Generated_Gap_Centered_Drop_Runtime,Chunk_GapMedium_Tilemap,generated_blueprint,Gap,3.0,-1.6666665077209473,generated_candidate,Generated_Gap_Centered_Drop,none,none,0.0,0
naive,7,20260503T190427661Z_864366699,NaiveRandom,9,8,5.0,Chunk_Flat_Tilemap,Chunk_Flat_Tilemap,handcrafted,Rest,1.0,-4.0,none,,none,none,0.0,0
naive,8,20260503T190552605Z_14940816,NaiveRandom,0,-1,,Chunk_Flat_Tilemap,Chunk_Flat_Tilemap,handcrafted,Rest,1.0,,none,,none,none,0.0,0
naive,8,20260503T190552605Z_14940816,NaiveRandom,1,0,2.3333332538604736,Chunk_Gap_Tilemap,Chunk_Gap_Tilemap,handcrafted,Gap,2.0,-0.33333325386047363,none,,none,none,0.0,0
naive,8,20260503T190552605Z_14940816,NaiveRandom,2,1,2.6666667461395264,Chunk_GapMedium_Tilemap,Chunk_GapMedium_Tilemap,handcrafted,Gap,3.0,0.33333325386047363,none,,none,none,0.0,0
naive,8,20260503T190552605Z_14940816,NaiveRandom,3,2,3.0,Generated_Precision_ElevatedPlatform_ExitRise2_Runtime,Chunk_ElevatedPlatform_Tilemap,generated_blueprint,Precision,4.0,1.0,generated_candidate,Generated_Precision_ElevatedPlatform_ExitRise2,none,none,0.0,0
naive,8,20260503T190552605Z_14940816,NaiveRandom,4,3,3.3333332538604736,Chunk_SpikesMedium_Tilemap,Chunk_SpikesMedium_Tilemap,handcrafted,Spikes,5.0,1.6666667461395264,none,,none,none,0.0,0
naive,8,20260503T190552605Z_14940816,NaiveRandom,5,4,3.6666667461395264,Generated_GapHazard_ExitOuterSpike_Runtime,Chunk_Gap_Tilemap,generated_blueprint,Gap,2.0,-1.6666667461395264,generated_candidate,Generated_GapHazard_ExitOuterSpike,none,none,0.0,0
naive,8,20260503T190552605Z_14940816,NaiveRandom,6,5,4.0,Generated_Gap_Late_Flat_Runtime,Chunk_Gap_Tilemap,generated_blueprint,Gap,2.0,-2.0,generated_candidate,Generated_Gap_Late_Flat,none,none,0.0,0
naive,8,20260503T190552605Z_14940816,NaiveRandom,7,6,4.333333492279053,Chunk_ElevatedPlatform_Tilemap,Chunk_ElevatedPlatform_Tilemap,handcrafted,Precision,4.0,-0.33333349227905273,none,,none,none,0.0,0
naive,8,20260503T190552605Z_14940816,NaiveRandom,8,7,4.666666507720947,Chunk_VerticalUp_Tilemap,Chunk_VerticalUp_Tilemap,handcrafted,Vertical,2.0,-2.6666665077209473,none,,none,none,0.0,0
naive,8,20260503T190552605Z_14940816,NaiveRandom,9,8,5.0,Chunk_SpikesMedium_Tilemap,Chunk_SpikesMedium_Tilemap,handcrafted,Spikes,5.0,0.0,none,,none,none,0.0,0
naive,9,20260503T190634638Z_405409239,NaiveRandom,0,-1,,Chunk_Flat_Tilemap,Chunk_Flat_Tilemap,handcrafted,Rest,1.0,,none,,none,none,0.0,9
naive,9,20260503T190634638Z_405409239,NaiveRandom,1,0,2.3333332538604736,Chunk_SpikeDash_Tilemap,Chunk_SpikeDash_Tilemap,handcrafted,Spikes,8.0,5.666666746139526,none,,none,none,0.0,5
naive,9,20260503T190634638Z_405409239,NaiveRandom,2,1,2.6666667461395264,Chunk_DashJump_Tilemap,Chunk_DashJump_Tilemap,handcrafted,Precision,5.0,2.3333332538604736,none,,none,none,0.0,0
naive,9,20260503T190634638Z_405409239,NaiveRandom,3,2,3.0,Chunk_SpikesMedium_Tilemap,Chunk_SpikesMedium_Tilemap,handcrafted,Spikes,5.0,2.0,none,,none,none,0.0,3
naive,9,20260503T190634638Z_405409239,NaiveRandom,4,3,3.3333332538604736,Chunk_VerticalDown_Tilemap,Chunk_VerticalDown_Tilemap,handcrafted,Vertical,2.0,-1.3333332538604736,none,,none,none,0.0,0
naive,9,20260503T190634638Z_405409239,NaiveRandom,5,4,3.6666667461395264,Chunk_Spikes_Tilemap,Chunk_Spikes_Tilemap,handcrafted,Spikes,4.0,0.33333325386047363,none,,none,none,0.0,6
naive,9,20260503T190634638Z_405409239,NaiveRandom,6,5,4.0,Chunk_GapMedium_Tilemap,Chunk_GapMedium_Tilemap,handcrafted,Gap,3.0,-1.0,none,,none,none,0.0,0
naive,9,20260503T190634638Z_405409239,NaiveRandom,7,6,4.333333492279053,Generated_GapHazard_EntryOuterSpike_Runtime,Chunk_Gap_Tilemap,generated_blueprint,Gap,2.0,-2.3333334922790527,generated_candidate,Generated_GapHazard_EntryOuterSpike,none,none,0.0,0
naive,9,20260503T190634638Z_405409239,NaiveRandom,8,7,4.666666507720947,Chunk_ElevatedPlatform_Tilemap,Chunk_ElevatedPlatform_Tilemap,handcrafted,Precision,4.0,-0.6666665077209473,none,,none,none,0.0,0
naive,9,20260503T190634638Z_405409239,NaiveRandom,9,8,5.0,Generated_Safe_DropRest_Box3_Runtime,Chunk_DropRest_Tilemap,generated_blueprint,Safe,1.0,-4.0,generated_candidate,Generated_Safe_DropRest_Box3,none,none,0.0,0
naive,10,20260503T191046212Z_1373815758,NaiveRandom,0,-1,,Chunk_Flat_Tilemap,Chunk_Flat_Tilemap,handcrafted,Rest,1.0,,none,,none,none,0.0,0
naive,10,20260503T191046212Z_1373815758,NaiveRandom,1,0,2.3333332538604736,Chunk_Flat_Tilemap,Chunk_Flat_Tilemap,handcrafted,Rest,1.0,-1.3333332538604736,none,,none,none,0.0,0
naive,10,20260503T191046212Z_1373815758,NaiveRandom,2,1,2.6666667461395264,Generated_Gap_Late_Rise2_Runtime,Chunk_Gap_Tilemap,generated_blueprint,Gap,2.0,-0.6666667461395264,generated_candidate,Generated_Gap_Late_Rise2,none,none,0.0,0
naive,10,20260503T191046212Z_1373815758,NaiveRandom,3,2,3.0,Generated_Precision_ElevatedPlatform_ExitDrop1_Runtime,Chunk_ElevatedPlatform_Tilemap,generated_blueprint,Precision,4.0,1.0,generated_candidate,Generated_Precision_ElevatedPlatform_ExitDrop1,none,none,0.0,0
naive,10,20260503T191046212Z_1373815758,NaiveRandom,4,3,3.3333332538604736,Chunk_DropRest_Tilemap,Chunk_DropRest_Tilemap,handcrafted,Safe,1.0,-2.3333332538604736,none,,none,none,0.0,0
naive,10,20260503T191046212Z_1373815758,NaiveRandom,5,4,3.6666667461395264,Chunk_ElevatedPlatform_Tilemap,Chunk_ElevatedPlatform_Tilemap,handcrafted,Precision,4.0,0.33333325386047363,none,,none,none,0.0,0
naive,10,20260503T191046212Z_1373815758,NaiveRandom,6,5,4.0,Chunk_GapHard_Tilemap,Chunk_GapHard_Tilemap,handcrafted,Gap,4.0,0.0,none,,none,none,0.0,0
naive,10,20260503T191046212Z_1373815758,NaiveRandom,7,6,4.333333492279053,Generated_Safe_RiseRest_Box2_Runtime,Chunk_DropRest_Tilemap,generated_blueprint,Safe,2.0,-2.3333334922790527,generated_candidate,Generated_Safe_RiseRest_Box2,none,none,0.0,0
naive,10,20260503T191046212Z_1373815758,NaiveRandom,8,7,4.666666507720947,Generated_Safe_RiseRest_Box2_Runtime,Chunk_DropRest_Tilemap,generated_blueprint,Safe,2.0,-2.6666665077209473,generated_candidate,Generated_Safe_RiseRest_Box2,none,none,0.0,0
naive,10,20260503T191046212Z_1373815758,NaiveRandom,9,8,5.0,Chunk_SpikesMedium_Tilemap,Chunk_SpikesMedium_Tilemap,handcrafted,Spikes,5.0,0.0,none,,none,none,0.0,0
naive,11,20260503T191140882Z_827178675,NaiveRandom,0,-1,,Chunk_Flat_Tilemap,Chunk_Flat_Tilemap,handcrafted,Rest,1.0,,none,,none,none,0.0,0
naive,11,20260503T191140882Z_827178675,NaiveRandom,1,0,2.3333332538604736,Chunk_VerticalDown_Tilemap,Chunk_VerticalDown_Tilemap,handcrafted,Vertical,2.0,-0.33333325386047363,none,,none,none,0.0,0
naive,11,20260503T191140882Z_827178675,NaiveRandom,2,1,2.6666667461395264,Chunk_Flat_Tilemap,Chunk_Flat_Tilemap,handcrafted,Rest,1.0,-1.6666667461395264,none,,none,none,0.0,0
naive,11,20260503T191140882Z_827178675,NaiveRandom,3,2,3.0,Chunk_MovingClimbSpikes_Tilemap,Chunk_MovingClimbSpikes_Tilemap,handcrafted,Spikes,7.0,4.0,none,,none,none,0.0,0
naive,11,20260503T191140882Z_827178675,NaiveRandom,4,3,3.3333332538604736,Generated_Safe_RiseRest_Box3_Runtime,Chunk_DropRest_Tilemap,generated_blueprint,Safe,2.0,-1.3333332538604736,generated_candidate,Generated_Safe_RiseRest_Box3,none,none,0.0,0
naive,11,20260503T191140882Z_827178675,NaiveRandom,5,4,3.6666667461395264,Generated_Safe_DropRest_Box2_Runtime,Chunk_DropRest_Tilemap,generated_blueprint,Safe,1.0,-2.6666667461395264,generated_candidate,Generated_Safe_DropRest_Box2,none,none,0.0,0
naive,11,20260503T191140882Z_827178675,NaiveRandom,6,5,4.0,Chunk_PrecisionJump_Tilemap,Chunk_PrecisionJump_Tilemap,handcrafted,Precision,4.0,0.0,none,,none,none,0.0,0
naive,11,20260503T191140882Z_827178675,NaiveRandom,7,6,4.333333492279053,Chunk_GapMedium_Tilemap,Chunk_GapMedium_Tilemap,handcrafted,Gap,3.0,-1.3333334922790527,none,,none,none,0.0,0
naive,11,20260503T191140882Z_827178675,NaiveRandom,8,7,4.666666507720947,Generated_Precision_ElevatedPlatform_ExitDrop2_Runtime,Chunk_ElevatedPlatform_Tilemap,generated_blueprint,Precision,4.0,-0.6666665077209473,generated_candidate,Generated_Precision_ElevatedPlatform_ExitDrop2,none,none,0.0,0
naive,11,20260503T191140882Z_827178675,NaiveRandom,9,8,5.0,Chunk_StairsUp_Tilemap,Chunk_StairsUp_Tilemap,handcrafted,Vertical,2.0,-3.0,none,,none,none,0.0,0
adaptive_constrained,1,20260503T231136829Z_1398047529,Constrained,0,-1,,Chunk_Flat_Tilemap,Chunk_Flat_Tilemap,handcrafted,Rest,1.0,,none,,none,none,0.0,0
adaptive_constrained,1,20260503T231136829Z_1398047529,Constrained,1,0,2.3333332538604736,Chunk_VerticalDown_Tilemap,Chunk_VerticalDown_Tilemap,handcrafted,Vertical,2.0,-0.33333325386047363,none,,none,none,0.0,0
adaptive_constrained,1,20260503T231136829Z_1398047529,Constrained,2,1,2.6666667461395264,Generated_Safe_RiseRest_Box3_Runtime,Chunk_DropRest_Tilemap,generated_blueprint,Safe,2.0,-0.6666667461395264,generated_candidate,Generated_Safe_RiseRest_Box3,none,none,0.0,0
adaptive_constrained,1,20260503T231136829Z_1398047529,Constrained,3,2,3.0,Chunk_GapMedium_Tilemap,Chunk_GapMedium_Tilemap,handcrafted,Gap,3.0,0.0,none,,none,none,0.0,0
adaptive_constrained,1,20260503T231136829Z_1398047529,Constrained,4,3,3.3333332538604736,Chunk_ElevatedPlatform_Tilemap,Chunk_ElevatedPlatform_Tilemap,handcrafted,Precision,4.0,0.6666667461395264,none,,none,none,0.0,0
adaptive_constrained,1,20260503T231136829Z_1398047529,Constrained,5,4,3.6666667461395264,Chunk_GapMedium_Tilemap,Chunk_GapMedium_Tilemap,handcrafted,Gap,3.0,-0.6666667461395264,none,,none,none,0.0,0
adaptive_constrained,1,20260503T231136829Z_1398047529,Constrained,6,5,4.0,Chunk_ElevatedDoublePlatform_Tilemap,Chunk_ElevatedDoublePlatform_Tilemap,handcrafted,Precision,5.0,1.0,none,,none,none,0.0,0
adaptive_constrained,1,20260503T231136829Z_1398047529,Constrained,7,6,4.333333492279053,Chunk_GapHard_Tilemap,Chunk_GapHard_Tilemap,handcrafted,Gap,4.0,-0.33333349227905273,none,,none,none,0.0,0
adaptive_constrained,1,20260503T231136829Z_1398047529,Constrained,8,7,4.666666507720947,Chunk_DashJump_Tilemap,Chunk_DashJump_Tilemap,handcrafted,Precision,5.0,0.33333349227905273,none,,none,none,0.0,0
adaptive_constrained,1,20260503T231136829Z_1398047529,Constrained,9,8,5.0,Chunk_Spikes_Tilemap,Chunk_Spikes_Tilemap,handcrafted,Spikes,4.0,-1.0,none,,none,none,0.0,0
adaptive_constrained,2,20260503T231150095Z_1530912342,Constrained,0,-1,,Chunk_Flat_Tilemap,Chunk_Flat_Tilemap,handcrafted,Rest,1.0,,none,,none,none,0.0,0
adaptive_constrained,2,20260503T231150095Z_1530912342,Constrained,1,0,2.3333332538604736,Chunk_Gap_Tilemap,Chunk_Gap_Tilemap,handcrafted,Gap,2.0,-0.33333325386047363,none,,none,none,0.0,0
adaptive_constrained,2,20260503T231150095Z_1530912342,Constrained,2,1,2.6666667461395264,Chunk_VerticalDown_Tilemap,Chunk_VerticalDown_Tilemap,handcrafted,Vertical,2.0,-0.6666667461395264,none,,none,none,0.0,0
adaptive_constrained,2,20260503T231150095Z_1530912342,Constrained,3,2,3.0,Generated_Gap_Centered_Rise_Runtime,Chunk_GapMedium_Tilemap,generated_blueprint,Gap,3.0,0.0,generated_candidate,Generated_Gap_Centered_Rise,none,none,0.0,0
adaptive_constrained,2,20260503T231150095Z_1530912342,Constrained,4,3,3.3333332538604736,Chunk_PrecisionJump_Tilemap,Chunk_PrecisionJump_Tilemap,handcrafted,Precision,4.0,0.6666667461395264,none,,none,none,0.0,0
adaptive_constrained,2,20260503T231150095Z_1530912342,Constrained,5,4,3.6666667461395264,Generated_Gap_Centered_Drop_Runtime,Chunk_GapMedium_Tilemap,generated_blueprint,Gap,3.0,-0.6666667461395264,generated_candidate,Generated_Gap_Centered_Drop,none,none,0.0,0
adaptive_constrained,2,20260503T231150095Z_1530912342,Constrained,6,5,4.0,Chunk_GapHard_Tilemap,Chunk_GapHard_Tilemap,handcrafted,Gap,4.0,0.0,none,,none,none,0.0,0
adaptive_constrained,2,20260503T231150095Z_1530912342,Constrained,7,6,4.333333492279053,Chunk_ElevatedDoublePlatform_Tilemap,Chunk_ElevatedDoublePlatform_Tilemap,handcrafted,Precision,5.0,0.6666665077209473,none,,none,none,0.0,0
adaptive_constrained,2,20260503T231150095Z_1530912342,Constrained,8,7,4.666666507720947,Generated_Gap_Centered_Rise_Runtime,Chunk_GapHard_Tilemap,generated_blueprint,Gap,4.0,-0.6666665077209473,generated_candidate,Generated_Gap_Centered_Rise,none,none,0.0,0
adaptive_constrained,2,20260503T231150095Z_1530912342,Constrained,9,8,5.0,Chunk_DashJump_Tilemap,Chunk_DashJump_Tilemap,handcrafted,Precision,5.0,0.0,none,,none,none,0.0,0
adaptive_constrained,3,20260503T231201680Z_1646506655,Constrained,0,-1,,Chunk_Flat_Tilemap,Chunk_Flat_Tilemap,handcrafted,Rest,1.0,,none,,none,none,0.0,0
adaptive_constrained,3,20260503T231201680Z_1646506655,Constrained,1,0,2.3333332538604736,Generated_Gap_Centered_Drop2_Runtime,Chunk_GapMedium_Tilemap,generated_blueprint,Gap,3.0,0.6666667461395264,generated_candidate,Generated_Gap_Centered_Drop2,none,none,0.0,0
adaptive_constrained,3,20260503T231201680Z_1646506655,Constrained,2,1,2.6666667461395264,Chunk_VerticalDown_Tilemap,Chunk_VerticalDown_Tilemap,handcrafted,Vertical,2.0,-0.6666667461395264,none,,none,none,0.0,0
adaptive_constrained,3,20260503T231201680Z_1646506655,Constrained,3,2,3.0,Generated_Gap_Centered_Rise_Runtime,Chunk_GapMedium_Tilemap,generated_blueprint,Gap,3.0,0.0,generated_candidate,Generated_Gap_Centered_Rise,none,none,0.0,0
adaptive_constrained,3,20260503T231201680Z_1646506655,Constrained,4,3,3.3333332538604736,Chunk_DashJump_Tilemap,Chunk_DashJump_Tilemap,handcrafted,Precision,5.0,1.6666667461395264,none,,none,none,0.0,0
adaptive_constrained,3,20260503T231201680Z_1646506655,Constrained,5,4,3.6666667461395264,Generated_Gap_Centered_Rise_Runtime,Chunk_GapHard_Tilemap,generated_blueprint,Gap,4.0,0.33333325386047363,generated_candidate,Generated_Gap_Centered_Rise,none,none,0.0,0
adaptive_constrained,3,20260503T231201680Z_1646506655,Constrained,6,5,4.0,Chunk_PrecisionJump_Tilemap,Chunk_PrecisionJump_Tilemap,handcrafted,Precision,4.0,0.0,none,,none,none,0.0,0
adaptive_constrained,3,20260503T231201680Z_1646506655,Constrained,7,6,4.333333492279053,Generated_Gap_Centered_Drop_Runtime,Chunk_GapHard_Tilemap,generated_blueprint,Gap,4.0,-0.33333349227905273,generated_candidate,Generated_Gap_Centered_Drop,none,none,0.0,0
adaptive_constrained,3,20260503T231201680Z_1646506655,Constrained,8,7,4.666666507720947,Chunk_DashJump_Tilemap,Chunk_DashJump_Tilemap,handcrafted,Precision,5.0,0.33333349227905273,none,,none,none,0.0,0
adaptive_constrained,3,20260503T231201680Z_1646506655,Constrained,9,8,5.0,Generated_Gap_Centered_Rise_Runtime,Chunk_GapHard_Tilemap,generated_blueprint,Gap,4.0,-1.0,generated_candidate,Generated_Gap_Centered_Rise,none,none,0.0,0
adaptive_constrained,4,20260503T231212072Z_1750682826,Constrained,0,-1,,Chunk_Flat_Tilemap,Chunk_Flat_Tilemap,handcrafted,Rest,1.0,,none,,none,none,0.0,0
adaptive_constrained,4,20260503T231212072Z_1750682826,Constrained,1,0,2.3888888359069824,Chunk_GapMedium_Tilemap,Chunk_GapMedium_Tilemap,handcrafted,Gap,3.0,0.6111111640930176,none,,none,none,0.0,0
adaptive_constrained,4,20260503T231212072Z_1750682826,Constrained,2,1,2.777777671813965,Generated_GapHazard_EntryOuterSpike_Runtime,Chunk_Gap_Tilemap,generated_blueprint,Gap,2.0,-0.7777776718139648,generated_candidate,Generated_GapHazard_EntryOuterSpike,none,none,0.0,0
adaptive_constrained,4,20260503T231212072Z_1750682826,Constrained,3,2,3.1666667461395264,Chunk_VerticalDown_Tilemap,Chunk_VerticalDown_Tilemap,handcrafted,Vertical,2.0,-1.1666667461395264,none,,none,none,0.0,0
adaptive_constrained,4,20260503T231212072Z_1750682826,Constrained,4,3,3.555555582046509,Chunk_GapHard_Tilemap,Chunk_GapHard_Tilemap,handcrafted,Gap,4.0,0.4444444179534912,none,,none,none,0.0,0
adaptive_constrained,4,20260503T231212072Z_1750682826,Constrained,5,4,3.9444446563720703,Chunk_ElevatedDoublePlatform_Tilemap,Chunk_ElevatedDoublePlatform_Tilemap,handcrafted,Precision,5.0,1.0555553436279297,none,,none,none,0.0,0
adaptive_constrained,4,20260503T231212072Z_1750682826,Constrained,6,5,4.333333492279053,Chunk_Spikes_Tilemap,Chunk_Spikes_Tilemap,handcrafted,Spikes,4.0,-0.33333349227905273,none,,none,none,0.0,0
adaptive_constrained,4,20260503T231212072Z_1750682826,Constrained,7,6,4.722222328186035,Chunk_ElevatedPlatform_Tilemap,Chunk_ElevatedPlatform_Tilemap,handcrafted,Precision,4.0,-0.7222223281860352,none,,none,none,0.0,0
adaptive_constrained,4,20260503T231212072Z_1750682826,Constrained,8,7,5.111111164093018,Generated_Gap_Centered_Drop_Runtime,Chunk_GapHard_Tilemap,generated_blueprint,Gap,4.0,-1.1111111640930176,generated_candidate,Generated_Gap_Centered_Drop,none,none,0.0,0
adaptive_constrained,4,20260503T231212072Z_1750682826,Constrained,9,8,5.5,Chunk_ElevatedDoublePlatform_Tilemap,Chunk_ElevatedDoublePlatform_Tilemap,handcrafted,Precision,5.0,-0.5,none,,none,none,0.0,0
adaptive_constrained,5,20260503T231224459Z_1874568929,Constrained,0,-1,,Chunk_Flat_Tilemap,Chunk_Flat_Tilemap,handcrafted,Rest,1.0,,none,,none,none,0.0,0
adaptive_constrained,5,20260503T231224459Z_1874568929,Constrained,1,0,2.3888888359069824,Chunk_GapMedium_Tilemap,Chunk_GapMedium_Tilemap,handcrafted,Gap,3.0,0.6111111640930176,none,,none,none,0.0,0
adaptive_constrained,5,20260503T231224459Z_1874568929,Constrained,2,1,2.777777671813965,Chunk_VerticalUp_Tilemap,Chunk_VerticalUp_Tilemap,handcrafted,Vertical,2.0,-0.7777776718139648,none,,none,none,0.0,0
adaptive_constrained,5,20260503T231224459Z_1874568929,Constrained,3,2,3.1666667461395264,Generated_Gap_Centered_Rise_Runtime,Chunk_GapMedium_Tilemap,generated_blueprint,Gap,3.0,-0.16666674613952637,generated_candidate,Generated_Gap_Centered_Rise,none,none,0.0,0
adaptive_constrained,5,20260503T231224459Z_1874568929,Constrained,4,3,3.555555582046509,Chunk_ElevatedPlatform_Tilemap,Chunk_ElevatedPlatform_Tilemap,handcrafted,Precision,4.0,0.4444444179534912,none,,none,none,0.0,0
adaptive_constrained,5,20260503T231224459Z_1874568929,Constrained,5,4,3.9444446563720703,Chunk_GapMedium_Tilemap,Chunk_GapMedium_Tilemap,handcrafted,Gap,3.0,-0.9444446563720703,none,,none,none,0.0,0
adaptive_constrained,5,20260503T231224459Z_1874568929,Constrained,6,5,4.333333492279053,Chunk_ElevatedPlatform_Tilemap,Chunk_ElevatedPlatform_Tilemap,handcrafted,Precision,4.0,-0.33333349227905273,none,,none,none,0.0,0
adaptive_constrained,5,20260503T231224459Z_1874568929,Constrained,7,6,4.722222328186035,Generated_GapHazard_EntryOuterSpike_Runtime,Chunk_Gap_Tilemap,generated_blueprint,Gap,2.0,-2.722222328186035,generated_candidate,Generated_GapHazard_EntryOuterSpike,none,none,0.0,0
adaptive_constrained,5,20260503T231224459Z_1874568929,Constrained,8,7,5.111111164093018,Chunk_ElevatedPlatform_Tilemap,Chunk_ElevatedPlatform_Tilemap,handcrafted,Precision,4.0,-1.1111111640930176,none,,none,none,0.0,0
adaptive_constrained,5,20260503T231224459Z_1874568929,Constrained,9,8,5.5,Chunk_SpikesMedium_Tilemap,Chunk_SpikesMedium_Tilemap,handcrafted,Spikes,5.0,-0.5,none,,none,none,0.0,0
adaptive_constrained,6,20260503T231236343Z_1993395830,Constrained,0,-1,,Chunk_Flat_Tilemap,Chunk_Flat_Tilemap,handcrafted,Rest,1.0,,none,,none,none,0.0,0
adaptive_constrained,6,20260503T231236343Z_1993395830,Constrained,1,0,2.3888888359069824,Chunk_VerticalUp_Tilemap,Chunk_VerticalUp_Tilemap,handcrafted,Vertical,2.0,-0.3888888359069824,none,,none,none,0.0,0
adaptive_constrained,6,20260503T231236343Z_1993395830,Constrained,2,1,2.777777671813965,Chunk_GapMedium_Tilemap,Chunk_GapMedium_Tilemap,handcrafted,Gap,3.0,0.22222232818603516,none,,none,none,0.0,0
adaptive_constrained,6,20260503T231236343Z_1993395830,Constrained,3,2,3.1666667461395264,Chunk_VerticalDown_Tilemap,Chunk_VerticalDown_Tilemap,handcrafted,Vertical,2.0,-1.1666667461395264,none,,none,none,0.0,0
adaptive_constrained,6,20260503T231236343Z_1993395830,Constrained,4,3,3.555555582046509,Chunk_ElevatedPlatform_Tilemap,Chunk_ElevatedPlatform_Tilemap,handcrafted,Precision,4.0,0.4444444179534912,none,,none,none,0.0,0
adaptive_constrained,6,20260503T231236343Z_1993395830,Constrained,5,4,3.9444446563720703,Chunk_GapHard_Tilemap,Chunk_GapHard_Tilemap,handcrafted,Gap,4.0,0.05555534362792969,none,,none,none,0.0,0
adaptive_constrained,6,20260503T231236343Z_1993395830,Constrained,6,5,4.333333492279053,Chunk_PrecisionJump_Tilemap,Chunk_PrecisionJump_Tilemap,handcrafted,Precision,4.0,-0.33333349227905273,none,,none,none,0.0,0
adaptive_constrained,6,20260503T231236343Z_1993395830,Constrained,7,6,4.722222328186035,Chunk_GapHard_Tilemap,Chunk_GapHard_Tilemap,handcrafted,Gap,4.0,-0.7222223281860352,none,,none,none,0.0,0
adaptive_constrained,6,20260503T231236343Z_1993395830,Constrained,8,7,5.111111164093018,Chunk_ElevatedDoublePlatform_Tilemap,Chunk_ElevatedDoublePlatform_Tilemap,handcrafted,Precision,5.0,-0.11111116409301758,none,,none,none,0.0,0
adaptive_constrained,6,20260503T231236343Z_1993395830,Constrained,9,8,5.5,Generated_Gap_Centered_Rise_Runtime,Chunk_GapHard_Tilemap,generated_blueprint,Gap,4.0,-1.5,generated_candidate,Generated_Gap_Centered_Rise,none,none,0.0,0
adaptive_constrained,7,20260503T231247300Z_2102971549,Constrained,0,-1,,Chunk_Flat_Tilemap,Chunk_Flat_Tilemap,handcrafted,Rest,1.0,,none,,none,none,0.0,0
adaptive_constrained,7,20260503T231247300Z_2102971549,Constrained,1,0,2.444444417953491,Chunk_GapMedium_Tilemap,Chunk_GapMedium_Tilemap,handcrafted,Gap,3.0,0.5555555820465088,none,,none,none,0.0,1
adaptive_constrained,7,20260503T231247300Z_2102971549,Constrained,2,1,2.8888888359069824,Chunk_VerticalUp_Tilemap,Chunk_VerticalUp_Tilemap,handcrafted,Vertical,2.0,-0.8888888359069824,none,,none,none,0.0,0
adaptive_constrained,7,20260503T231247300Z_2102971549,Constrained,3,2,3.3333334922790527,Chunk_GapMedium_Tilemap,Chunk_GapMedium_Tilemap,handcrafted,Gap,3.0,-0.33333349227905273,none,,none,none,0.0,0
adaptive_constrained,7,20260503T231247300Z_2102971549,Constrained,4,3,3.777777671813965,Chunk_GapHard_Tilemap,Chunk_GapHard_Tilemap,handcrafted,Gap,4.0,0.22222232818603516,none,,none,none,0.0,0
adaptive_constrained,7,20260503T231247300Z_2102971549,Constrained,5,4,4.222222328186035,Chunk_ElevatedPlatform_Tilemap,Chunk_ElevatedPlatform_Tilemap,handcrafted,Precision,4.0,-0.22222232818603516,none,,none,none,0.0,0
adaptive_constrained,7,20260503T231247300Z_2102971549,Constrained,6,5,4.6666669845581055,Generated_Gap_Centered_Drop_Runtime,Chunk_GapHard_Tilemap,generated_blueprint,Gap,4.0,-0.6666669845581055,generated_candidate,Generated_Gap_Centered_Drop,none,none,0.0,0
adaptive_constrained,7,20260503T231247300Z_2102971549,Constrained,7,6,5.111111164093018,Chunk_ElevatedDoublePlatform_Tilemap,Chunk_ElevatedDoublePlatform_Tilemap,handcrafted,Precision,5.0,-0.11111116409301758,none,,none,none,0.0,0
adaptive_constrained,7,20260503T231247300Z_2102971549,Constrained,8,7,5.55555534362793,Chunk_MovingSpikes_Tilemap,Chunk_MovingSpikes_Tilemap,handcrafted,Spikes,6.0,0.4444446563720703,none,,none,none,0.0,0
adaptive_constrained,7,20260503T231247300Z_2102971549,Constrained,9,8,6.0,Generated_Gap_Centered_Drop_Runtime,Chunk_GapHard_Tilemap,generated_blueprint,Gap,4.0,-2.0,generated_candidate,Generated_Gap_Centered_Drop,none,none,0.0,0
adaptive_constrained,8,20260503T231303489Z_2030124608,Constrained,0,-1,,Chunk_Flat_Tilemap,Chunk_Flat_Tilemap,handcrafted,Rest,1.0,,none,,none,none,0.0,0
adaptive_constrained,8,20260503T231303489Z_2030124608,Constrained,1,0,2.444444417953491,Chunk_StairsUp_Tilemap,Chunk_StairsUp_Tilemap,handcrafted,Vertical,2.0,-0.4444444179534912,none,,none,none,0.0,0
adaptive_constrained,8,20260503T231303489Z_2030124608,Constrained,2,1,2.8888888359069824,Chunk_GapMedium_Tilemap,Chunk_GapMedium_Tilemap,handcrafted,Gap,3.0,0.11111116409301758,none,,none,none,0.0,0
adaptive_constrained,8,20260503T231303489Z_2030124608,Constrained,3,2,3.3333334922790527,Chunk_Spikes_Tilemap,Chunk_Spikes_Tilemap,handcrafted,Spikes,4.0,0.6666665077209473,none,,none,none,0.0,0
adaptive_constrained,8,20260503T231303489Z_2030124608,Constrained,4,3,3.777777671813965,Chunk_GapMedium_Tilemap,Chunk_GapMedium_Tilemap,handcrafted,Gap,3.0,-0.7777776718139648,none,,none,none,0.0,0
adaptive_constrained,8,20260503T231303489Z_2030124608,Constrained,5,4,4.222222328186035,Chunk_PrecisionJump_Tilemap,Chunk_PrecisionJump_Tilemap,handcrafted,Precision,4.0,-0.22222232818603516,none,,none,none,0.0,0
adaptive_constrained,8,20260503T231303489Z_2030124608,Constrained,6,5,4.6666669845581055,Chunk_SpikesMedium_Tilemap,Chunk_SpikesMedium_Tilemap,handcrafted,Spikes,5.0,0.33333301544189453,none,,moderate,precision_to_recoverable_spikes,0.5,0
adaptive_constrained,8,20260503T231303489Z_2030124608,Constrained,7,6,5.111111164093018,Generated_Gap_Centered_Drop_Runtime,Chunk_GapHard_Tilemap,generated_blueprint,Gap,4.0,-1.1111111640930176,generated_candidate,Generated_Gap_Centered_Drop,none,none,0.0,0
adaptive_constrained,8,20260503T231303489Z_2030124608,Constrained,8,7,5.55555534362793,Chunk_ElevatedDoublePlatform_Tilemap,Chunk_ElevatedDoublePlatform_Tilemap,handcrafted,Precision,5.0,-0.5555553436279297,none,,none,none,0.0,0
adaptive_constrained,8,20260503T231303489Z_2030124608,Constrained,9,8,6.0,Chunk_MovingSpikes_Tilemap,Chunk_MovingSpikes_Tilemap,handcrafted,Spikes,6.0,0.0,none,,none,none,0.0,0
adaptive_constrained,9,20260503T231314046Z_1924548539,Constrained,0,-1,,Chunk_Flat_Tilemap,Chunk_Flat_Tilemap,handcrafted,Rest,1.0,,none,,none,none,0.0,0
adaptive_constrained,9,20260503T231314046Z_1924548539,Constrained,1,0,2.444444417953491,Generated_Gap_Centered_Drop_Runtime,Chunk_GapMedium_Tilemap,generated_blueprint,Gap,3.0,0.5555555820465088,generated_candidate,Generated_Gap_Centered_Drop,none,none,0.0,0
adaptive_constrained,9,20260503T231314046Z_1924548539,Constrained,2,1,2.8888888359069824,Generated_Gap_Early_Rise_Runtime,Chunk_Gap_Tilemap,generated_blueprint,Gap,2.0,-0.8888888359069824,generated_candidate,Generated_Gap_Early_Rise,none,none,0.0,0
adaptive_constrained,9,20260503T231314046Z_1924548539,Constrained,3,2,3.3333334922790527,Chunk_ElevatedPlatform_Tilemap,Chunk_ElevatedPlatform_Tilemap,handcrafted,Precision,4.0,0.6666665077209473,none,,none,none,0.0,0
adaptive_constrained,9,20260503T231314046Z_1924548539,Constrained,4,3,3.777777671813965,Chunk_GapMedium_Tilemap,Chunk_GapMedium_Tilemap,handcrafted,Gap,3.0,-0.7777776718139648,none,,none,none,0.0,0
adaptive_constrained,9,20260503T231314046Z_1924548539,Constrained,5,4,4.222222328186035,Chunk_PrecisionJump_Tilemap,Chunk_PrecisionJump_Tilemap,handcrafted,Precision,4.0,-0.22222232818603516,none,,none,none,0.0,0
adaptive_constrained,9,20260503T231314046Z_1924548539,Constrained,6,5,4.6666669845581055,Chunk_Spikes_Tilemap,Chunk_Spikes_Tilemap,handcrafted,Spikes,4.0,-0.6666669845581055,none,,strong,precision_low_recovery_to_spikes,0.75,0
adaptive_constrained,9,20260503T231314046Z_1924548539,Constrained,7,6,5.111111164093018,Generated_Gap_Centered_Drop_Runtime,Chunk_GapHard_Tilemap,generated_blueprint,Gap,4.0,-1.1111111640930176,generated_candidate,Generated_Gap_Centered_Drop,none,none,0.0,0
adaptive_constrained,9,20260503T231314046Z_1924548539,Constrained,8,7,5.55555534362793,Chunk_DashJump_Tilemap,Chunk_DashJump_Tilemap,handcrafted,Precision,5.0,-0.5555553436279297,none,,none,none,0.0,0
adaptive_constrained,9,20260503T231314046Z_1924548539,Constrained,9,8,6.0,Chunk_SpikesMedium_Tilemap,Chunk_SpikesMedium_Tilemap,handcrafted,Spikes,5.0,-1.0,none,,none,none,0.0,0
adaptive_constrained,10,20260503T231324857Z_1816448966,Constrained,0,-1,,Chunk_Flat_Tilemap,Chunk_Flat_Tilemap,handcrafted,Rest,1.0,,none,,none,none,0.0,0
adaptive_constrained,10,20260503T231324857Z_1816448966,Constrained,1,0,2.5,Chunk_GapMedium_Tilemap,Chunk_GapMedium_Tilemap,handcrafted,Gap,3.0,0.5,none,,none,none,0.0,0
adaptive_constrained,10,20260503T231324857Z_1816448966,Constrained,2,1,3.0,Chunk_GapHard_Tilemap,Chunk_GapHard_Tilemap,handcrafted,Gap,4.0,1.0,none,,none,none,0.0,0
adaptive_constrained,10,20260503T231324857Z_1816448966,Constrained,3,2,3.5,Chunk_ElevatedPlatform_Tilemap,Chunk_ElevatedPlatform_Tilemap,handcrafted,Precision,4.0,0.5,none,,none,none,0.0,0
adaptive_constrained,10,20260503T231324857Z_1816448966,Constrained,4,3,4.0,Chunk_Spikes_Tilemap,Chunk_Spikes_Tilemap,handcrafted,Spikes,4.0,0.0,none,,none,none,0.0,0
adaptive_constrained,10,20260503T231324857Z_1816448966,Constrained,5,4,4.5,Generated_Gap_Centered_Drop_Runtime,Chunk_GapHard_Tilemap,generated_blueprint,Gap,4.0,-0.5,generated_candidate,Generated_Gap_Centered_Drop,none,none,0.0,0
adaptive_constrained,10,20260503T231324857Z_1816448966,Constrained,6,5,5.0,Generated_Precision_ElevatedPlatform_ExitRise1_Runtime,Chunk_ElevatedPlatform_Tilemap,generated_blueprint,Precision,4.0,-1.0,generated_candidate,Generated_Precision_ElevatedPlatform_ExitRise1,none,none,0.0,0
adaptive_constrained,10,20260503T231324857Z_1816448966,Constrained,7,6,5.5,Chunk_GapHard_Tilemap,Chunk_GapHard_Tilemap,handcrafted,Gap,4.0,-1.5,none,,none,none,0.0,0
adaptive_constrained,10,20260503T231324857Z_1816448966,Constrained,8,7,6.0,Chunk_ElevatedDoublePlatform_Tilemap,Chunk_ElevatedDoublePlatform_Tilemap,handcrafted,Precision,5.0,-1.0,none,,none,none,0.0,0
adaptive_constrained,10,20260503T231324857Z_1816448966,Constrained,9,8,6.5,Chunk_MovingSpikes_Tilemap,Chunk_MovingSpikes_Tilemap,handcrafted,Spikes,6.0,-0.5,none,,none,none,0.0,0
